[2m2026-08-18T19:26:39.998504Z[0m [32m INFO[0m [2m__init__[0m[2m:[0m dynamo.nixl_connect: Utilizing CuPy to enable GPU acceleration.
[2m2026-08-18T19:26:40.450523Z[0m [32m INFO[0m [2mpatch[0m[2m:[0m NVFP4 W4A4 weight_scale NaN-clamp: installed.
[2m2026-08-18T19:26:41.025186Z[0m [32m INFO[0m [2mquack_fp8._load_quack[0m[2m:[0m Quack FP8 fused-bias GEMM enabled (CuteDSL).
[2m2026-08-18T19:26:41.025251Z[0m [32m INFO[0m [2mquack_fp8.install_quack_fp8_patch[0m[2m:[0m Patched FlashInfer FP8 ScaledMM to use quack fused-bias GEMM.
[2m2026-08-18T19:26:41.031023Z[0m [32m INFO[0m [2mpatch._patch_cumem_free_callback_cuda[0m[2m:[0m [cumem-cuda] CuMemAllocator._python_free_callback patched: asleep guard extended to all platforms.
[2m2026-08-18T19:26:41.437536Z[0m [32m INFO[0m [2m__init__._wrapper[0m[2m:[0m Registered model loader `<class 'modelexpress.engines.vllm.loader.MxModelLoader'>` with load format `mx`
[2m2026-08-18T19:26:41.442034Z[0m [32m INFO[0m [2mpatch_sm90_trtllm_moe.install[0m[2m:[0m [sm90-trtllm-moe-guard] installed (FP8 MoE oracle + trtllm-gen expert class gate).
[2m2026-08-18T19:26:41.497421Z[0m [32m INFO[0m [2margs.update_engine_config_with_dynamo[0m[2m:[0m Using kv_events_config for publishing vLLM kv events over zmq: None (use_kv_events=False)
[2m2026-08-18T19:26:41.497457Z[0m [32m INFO[0m [2margs.update_engine_config_with_dynamo[0m[2m:[0m Benchmark mode: auto-enabling InstrumentedScheduler
[2m2026-08-18T19:26:41.497477Z[0m [32m INFO[0m [2margs.update_engine_config_with_dynamo[0m[2m:[0m Benchmark mode: DYN_FPM_GC_POLICY set, injecting worker_extension_cls=dynamo.vllm.gc_policy.FpmGcWorkerExtension
[2m2026-08-18T19:26:41.497497Z[0m [32m INFO[0m [2margs.update_engine_config_with_dynamo[0m[2m:[0m Benchmark mode=decode configured (output=/results/benchmark.json)
[2m2026-08-18T19:26:42.420671Z[0m [32m INFO[0m [2mconfig_dumper.dump_config[0m[2m:[0m Dumped config to /results/resolved-config-node0.json
[2m2026-08-18T19:26:42.427522Z[0m [32m INFO[0m [2mdynamo_runtime::distributed[0m[2m:[0m Initializing KV store discovery backend: Etcd(http://127.0.0.1:2379)
[2m2026-08-18T19:26:42.429693Z[0m [32m INFO[0m [2mdynamo_runtime::pipeline::network::manager[0m[2m:[0m Initializing NetworkManager with TCP request plane [3mmode[0m[2m=[0mtcp [3mhost[0m[2m=[0m10.0.18.153 [3mport[0m[2m=[0mOS-assigned
[2m2026-08-18T19:26:42.430293Z[0m [32m INFO[0m [2mgraceful_shutdown.install_signal_handlers[0m[2m:[0m Signal handlers set up for graceful shutdown (discovery unregister + grace period)
[2m2026-08-18T19:26:42.430567Z[0m [33mWARNING[0m [2mprometheus.setup_multiprocess_prometheus[0m[2m:[0m Found PROMETHEUS_MULTIPROC_DIR was set by user. This directory must be wiped between vLLM runs or you will find inaccurate metrics. Unset the variable and vLLM will properly handle cleanup.
[2m2026-08-18T19:26:42.430790Z[0m [33mWARNING[0m [2menvs.validate_environ[0m[2m:[0m Unknown vLLM environment variable detected: VLLM_IMAGE_TAG
[2m2026-08-18T19:26:42.430835Z[0m [33mWARNING[0m [2menvs.validate_environ[0m[2m:[0m Unknown vLLM environment variable detected: VLLM_BUILD_COMMIT
[2m2026-08-18T19:26:51.275609Z[0m [32m INFO[0m [2mmodel.__post_init__[0m[2m:[0m Resolved architecture: GlmMoeDsaForCausalLM
[2m2026-08-18T19:26:51.275803Z[0m [32m INFO[0m [2mmodel.get_and_verify_max_len[0m[2m:[0m Using max model len 1048576
[2m2026-08-18T19:26:51.567083Z[0m [32m INFO[0m [2mcache._validate_cache_dtype[0m[2m:[0m Using fp8 data type to store kv cache. It reduces the GPU memory footprint and boosts the performance. Meanwhile, it may cause accuracy drop without a proper scaling factor
[2m2026-08-18T19:26:51.567624Z[0m [32m INFO[0m [2mscheduler.__post_init__[0m[2m:[0m Chunked prefill is enabled with max_num_batched_tokens=8192.
[2m2026-08-18T19:26:51.583580Z[0m [32m INFO[0m [2mvllm.__post_init__[0m[2m:[0m Asynchronous scheduling is enabled.
[2m2026-08-18T19:26:51.583732Z[0m [32m INFO[0m [2mkernel.set_platform_defaults[0m[2m:[0m Final IR op priority after setting platform defaults: IrOpPriorityConfig(rms_norm=['native'], fused_add_rms_norm=['native'])
[2m2026-08-18T19:26:52.915728Z[0m [32m INFO[0m [2mcompilation.log_enabled_passes[0m[2m:[0m Enabled custom fusions: norm_quant, act_quant, allreduce_rms
[transformers] The following generation flags are not valid and may be ignored: ['top_p']. Set `TRANSFORMERS_VERBOSITY=info` for more details.
[2m2026-08-18T19:26:52.919524Z[0m [33mWARNING[0m [2mmodel.get_diff_sampling_param[0m[2m:[0m Default vLLM sampling parameters have been overridden by the model's `generation_config.json`: `{'temperature': 1.0, 'top_p': 0.95}`. If this is not intended, please relaunch vLLM instance with `--generation-config vllm`.
[2m2026-08-18T19:26:52.919627Z[0m [32m INFO[0m [2mmain.setup_vllm_engine[0m[2m:[0m Benchmark config injected into additional_config
(Worker_TP0_EP0 pid=2190) 
(Worker_TP0_EP0 pid=2190) /usr/local/lib/python3.12/dist-packages/torch/distributed/c10d_logger.py:83: UserWarning: barrier(): using the device under current context. You can specify `device_id` in `init_process_group` to mute this warning.
(Worker_TP0_EP0 pid=2190)   return func(*args, **kwargs)
[rank0]:[W818 19:31:57.548544983 ProcessGroupNCCL.cpp:5188] Guessing device ID based on global rank. This can cause a hang if rank to GPU mapping is heterogeneous. You can specify device_id in init_process_group()
(Worker_TP4_EP4 pid=2194) 2026-08-18 19:33:41,316 - WARNING - core.py:3490 - flashinfer.jit: the single torch.Tensor return type is deprecated and will be replaced with List[torch.Tensor] in the v0.8.0.
(Worker_TP7_EP7 pid=2197) 2026-08-18 19:33:41,323 - WARNING - core.py:3490 - flashinfer.jit: the single torch.Tensor return type is deprecated and will be replaced with List[torch.Tensor] in the v0.8.0.
(Worker_TP0_EP0 pid=2190) 2026-08-18 19:33:41,369 - WARNING - core.py:3490 - flashinfer.jit: the single torch.Tensor return type is deprecated and will be replaced with List[torch.Tensor] in the v0.8.0.
(Worker_TP2_EP2 pid=2192) 2026-08-18 19:33:41,445 - WARNING - core.py:3490 - flashinfer.jit: the single torch.Tensor return type is deprecated and will be replaced with List[torch.Tensor] in the v0.8.0.
(Worker_TP5_EP5 pid=2195) 2026-08-18 19:33:41,451 - WARNING - core.py:3490 - flashinfer.jit: the single torch.Tensor return type is deprecated and will be replaced with List[torch.Tensor] in the v0.8.0.
(Worker_TP3_EP3 pid=2193) 2026-08-18 19:33:41,465 - WARNING - core.py:3490 - flashinfer.jit: the single torch.Tensor return type is deprecated and will be replaced with List[torch.Tensor] in the v0.8.0.
(Worker_TP1_EP1 pid=2191) 2026-08-18 19:33:41,532 - WARNING - core.py:3490 - flashinfer.jit: the single torch.Tensor return type is deprecated and will be replaced with List[torch.Tensor] in the v0.8.0.
(Worker_TP6_EP6 pid=2196) 2026-08-18 19:33:41,578 - WARNING - core.py:3490 - flashinfer.jit: the single torch.Tensor return type is deprecated and will be replaced with List[torch.Tensor] in the v0.8.0.
(Worker_TP0_EP0 pid=2190) 2026-08-18 19:38:08,486 - INFO - autotuner.py:651 - flashinfer.jit: [Autotuner]: Autotuning process starts ...
(Worker_TP7_EP7 pid=2197) 2026-08-18 19:38:08,488 - INFO - autotuner.py:651 - flashinfer.jit: [Autotuner]: Autotuning process starts ...
(Worker_TP4_EP4 pid=2194) 2026-08-18 19:38:08,489 - INFO - autotuner.py:651 - flashinfer.jit: [Autotuner]: Autotuning process starts ...
(Worker_TP3_EP3 pid=2193) 2026-08-18 19:38:09,373 - INFO - autotuner.py:651 - flashinfer.jit: [Autotuner]: Autotuning process starts ...
(Worker_TP5_EP5 pid=2195) 2026-08-18 19:38:09,384 - INFO - autotuner.py:651 - flashinfer.jit: [Autotuner]: Autotuning process starts ...
(Worker_TP2_EP2 pid=2192) 2026-08-18 19:38:09,501 - INFO - autotuner.py:651 - flashinfer.jit: [Autotuner]: Autotuning process starts ...
(Worker_TP6_EP6 pid=2196) 2026-08-18 19:38:09,518 - INFO - autotuner.py:651 - flashinfer.jit: [Autotuner]: Autotuning process starts ...
(Worker_TP1_EP1 pid=2191) 2026-08-18 19:38:09,576 - INFO - autotuner.py:651 - flashinfer.jit: [Autotuner]: Autotuning process starts ...
(Worker_TP6_EP6 pid=2196) 2026-08-18 19:38:23,244 - INFO - autotuner.py:674 - flashinfer.jit: [Autotuner]: Autotuning process ends
(Worker_TP2_EP2 pid=2192) 2026-08-18 19:38:23,244 - INFO - autotuner.py:674 - flashinfer.jit: [Autotuner]: Autotuning process ends
(Worker_TP1_EP1 pid=2191) 2026-08-18 19:38:23,244 - INFO - autotuner.py:674 - flashinfer.jit: [Autotuner]: Autotuning process ends
(Worker_TP4_EP4 pid=2194) 2026-08-18 19:38:23,244 - INFO - autotuner.py:674 - flashinfer.jit: [Autotuner]: Autotuning process ends
(Worker_TP7_EP7 pid=2197) 2026-08-18 19:38:23,244 - INFO - autotuner.py:674 - flashinfer.jit: [Autotuner]: Autotuning process ends
(Worker_TP0_EP0 pid=2190) 2026-08-18 19:38:23,244 - INFO - autotuner.py:674 - flashinfer.jit: [Autotuner]: Autotuning process ends
(Worker_TP3_EP3 pid=2193) 2026-08-18 19:38:23,244 - INFO - autotuner.py:674 - flashinfer.jit: [Autotuner]: Autotuning process ends
(Worker_TP5_EP5 pid=2195) 2026-08-18 19:38:23,287 - INFO - autotuner.py:674 - flashinfer.jit: [Autotuner]: Autotuning process ends
[2m2026-08-18T19:39:40.276449Z[0m [32m INFO[0m [2minstrumented_scheduler._bench_init[0m[2m:[0m Benchmark mode enabled: BenchmarkConfig(mode='decode', warmup_iterations=5, output_path='/results/benchmark.json', timeout=10800, prefill_max_new_token_samples=64, prefill_max_kv_read_token_samples=16, decode_max_kv_read_token_samples=128, decode_max_batch_size_samples=128, prefix_max_batch_size_samples=3) (cudagraph_mode=FULL_AND_PIECEWISE, capture_sizes=[1, 2, 4, 8, 16, 24, 32, 40, 48, 56, 64, 72, 80, 88, 96, 104, 112, 120, 128, 136, 144, 152, 160, 168, 176, 184, 192, 200, 208, 216, 224, 232, 240, 248, 256, 272, 288, 304, 320, 336, 352, 368, 384, 400, 416, 432, 448, 464, 480, 496, 512])
[2m2026-08-18T19:39:40.277160Z[0m [32m INFO[0m [2minstrumented_scheduler.__init__[0m[2m:[0m InstrumentedScheduler: ZMQ PUB bound on tcp://*:20380 (worker_id=7587896964992498947, dp_rank=0)
(EngineCore pid=1783) [2m2026-08-18T19:39:40.530753Z[0m [32m INFO[0m [2mvllm.__post_init__[0m[2m:[0m Asynchronous scheduling is enabled.
(EngineCore pid=1783) [2m2026-08-18T19:39:40.530924Z[0m [32m INFO[0m [2mkernel.set_platform_defaults[0m[2m:[0m Final IR op priority after setting platform defaults: IrOpPriorityConfig(rms_norm=['native'], fused_add_rms_norm=['native'])
[2m2026-08-18T19:39:40.535544Z[0m [32m INFO[0m [2mmain.setup_vllm_engine[0m[2m:[0m VllmWorker for zai-org/GLM-5.2-FP8 has been initialized
(EngineCore pid=1783) [2m2026-08-18T19:39:40.537652Z[0m [32m INFO[0m [2mcompilation.log_enabled_passes[0m[2m:[0m Enabled custom fusions: norm_quant, act_quant, allreduce_rms
[2m2026-08-18T19:39:40.543047Z[0m [32m INFO[0m [2mdynamo_runtime::transports::event_plane::zmq_transport[0m[2m:[0m ZMQ PUB transport bound with configured HWM [3mendpoint[0m[2m=[0mtcp://0.0.0.0:34725 [3mtopic[0m[2m=[0mkv_metrics [3msndhwm[0m[2m=[0m100000
[2m2026-08-18T19:39:40.543328Z[0m [32m INFO[0m [2mdynamo_runtime::discovery::kv_store[0m[2m:[0m KVStoreDiscovery::register: EventChannel bucket=v1/event_channels, key=dynamo//kv_metrics/acd1064d8354fb76
[2m2026-08-18T19:39:40.544075Z[0m [33m WARN[0m [2mhandlers.get_dp_range_for_worker[0m[2m:[0m vLLM selects internal DP load balancing. If you are launching multiple workers for DP deployment, hybrid or external load balancing is recommended.
[2m2026-08-18T19:39:40.544239Z[0m [32m INFO[0m [2mengine_monitor.__init__[0m[2m:[0m VllmEngineMonitor initialized and health check task started.
[2m2026-08-18T19:39:40.544270Z[0m [33m WARN[0m [2mhandlers.get_dp_range_for_worker[0m[2m:[0m vLLM selects internal DP load balancing. If you are launching multiple workers for DP deployment, hybrid or external load balancing is recommended.
[2m2026-08-18T19:39:40.545065Z[0m [32m INFO[0m [2mdynamo_runtime::transports::event_plane[0m[2m:[0m EventPublisher registered with discovery (direct mode) [3mtopic[0m[2m=[0mkv_metrics [3mtransport[0m[2m=[0mZmq [3mpublisher_id[0m[2m=[0m12452741374641765238
[2m2026-08-18T19:39:40.545465Z[0m [32m INFO[0m [2mworker_factory.register_engine_routes[0m[2m:[0m Registered engine routes: control/sleep, control/wake_up, control/scale_elastic_ep, control/start_profile, control/stop_profile, and RL admin routes: abort_request, destroy_weights_update_group, flush_cache, get_weight_version, init_weights_update_group, liveness_probe, pause_generation, resume_generation, update_weights_from_disk, update_weights_from_distributed, update_weights_from_tensor
[2m2026-08-18T19:39:40.545518Z[0m [32m INFO[0m [2mworker_factory._create_decode_worker[0m[2m:[0m Registering model with endpoint types: chat,completions
[2m2026-08-18T19:39:40.545549Z[0m [33m WARN[0m [2mhandlers.get_dp_range_for_worker[0m[2m:[0m vLLM selects internal DP load balancing. If you are launching multiple workers for DP deployment, hybrid or external load balancing is recommended.
[2m2026-08-18T19:39:40.545626Z[0m [32m INFO[0m [2mworker_factory._wait_and_load_benchmark[0m[2m:[0m Waiting for benchmark to complete (files: [PosixPath('/results/benchmark.json')], timeout: 10800s)...
[2m2026-08-18T19:39:41.259188Z[0m [32m INFO[0m [2minstrumented_scheduler._bench_build_grid[0m[2m:[0m Benchmark grid: prepending 2 eager-shape warmup point(s); their results are discarded
[2m2026-08-18T19:39:41.266028Z[0m [32m INFO[0m [2minstrumented_scheduler._bench_build_grid[0m[2m:[0m Benchmark grid: 1573 points (decode mode)
[2m2026-08-18T19:39:41.382742Z[0m [32m INFO[0m [2minstrumented_scheduler._kvwarm_prepare[0m[2m:[0m KVWARM: prepared 102 stage plans over 1573 decode points
[2m2026-08-18T19:39:49.869406Z[0m [32m INFO[0m [2minstrumented_scheduler._bench_step_warmup[0m[2m:[0m Benchmark warmup: 1 prefill + 5 decode steps
[2m2026-08-18T19:39:51.793805Z[0m [32m INFO[0m [2minstrumented_scheduler._bench_transition_after_warmup[0m[2m:[0m Benchmark: entering DECODE_SWEEP
[2m2026-08-18T19:40:04.967897Z[0m [32m INFO[0m [2minstrumented_scheduler._kvwarm_start_stage[0m[2m:[0m KVWARM: stage build batch=1024 depth=1280
[2m2026-08-18T19:40:59.227307Z[0m [32m INFO[0m [2minstrumented_scheduler._kvwarm_monitor_build[0m[2m:[0m KVWARM: stage ready batch=1024 (67.4s)
[2m2026-08-18T19:40:59.570026Z[0m [32m INFO[0m [2minstrumented_scheduler._bench_step_decode[0m[2m:[0m Benchmark decode: total_kv_reads=1048576 batch_size=1024
[2m2026-08-18T19:41:01.567479Z[0m [32m INFO[0m [2minstrumented_scheduler._bench_step_decode[0m[2m:[0m Benchmark decode: total_kv_reads=524288 batch_size=1024
[2m2026-08-18T19:41:02.383924Z[0m [32m INFO[0m [2minstrumented_scheduler._bench_step_decode[0m[2m:[0m Benchmark decode: total_kv_reads=262144 batch_size=1024
[2m2026-08-18T19:41:03.147488Z[0m [32m INFO[0m [2minstrumented_scheduler._bench_step_decode[0m[2m:[0m Benchmark decode: total_kv_reads=131072 batch_size=1024
[2m2026-08-18T19:41:03.890850Z[0m [32m INFO[0m [2minstrumented_scheduler._bench_step_decode[0m[2m:[0m Benchmark decode: total_kv_reads=65536 batch_size=1024
[2m2026-08-18T19:41:04.619681Z[0m [32m INFO[0m [2minstrumented_scheduler._bench_step_decode[0m[2m:[0m Benchmark decode: total_kv_reads=32768 batch_size=1024
[2m2026-08-18T19:41:05.340487Z[0m [32m INFO[0m [2minstrumented_scheduler._bench_step_decode[0m[2m:[0m Benchmark decode: total_kv_reads=16384 batch_size=1024
[2m2026-08-18T19:41:06.059462Z[0m [32m INFO[0m [2minstrumented_scheduler._bench_step_decode[0m[2m:[0m Benchmark decode: total_kv_reads=8192 batch_size=1024
[2m2026-08-18T19:41:06.775784Z[0m [32m INFO[0m [2minstrumented_scheduler._bench_step_decode[0m[2m:[0m Benchmark decode: total_kv_reads=4096 batch_size=1024
[2m2026-08-18T19:41:07.491047Z[0m [32m INFO[0m [2minstrumented_scheduler._bench_step_decode[0m[2m:[0m Benchmark decode: total_kv_reads=2048 batch_size=1024
[2m2026-08-18T19:41:09.249648Z[0m [32m INFO[0m [2minstrumented_scheduler._bench_step_decode[0m[2m:[0m Benchmark decode: total_kv_reads=2048 batch_size=1024
[2m2026-08-18T19:41:09.962543Z[0m [32m INFO[0m [2minstrumented_scheduler._bench_step_decode[0m[2m:[0m Benchmark decode: total_kv_reads=2048 batch_size=1024
[2m2026-08-18T19:41:11.887469Z[0m [32m INFO[0m [2minstrumented_scheduler._kvwarm_start_stage[0m[2m:[0m KVWARM: stage build batch=513 depth=2624
[2m2026-08-18T19:42:12.380093Z[0m [32m INFO[0m [2minstrumented_scheduler._kvwarm_monitor_build[0m[2m:[0m KVWARM: stage ready batch=513 (61.7s)
[2m2026-08-18T19:42:12.659184Z[0m [32m INFO[0m [2minstrumented_scheduler._bench_step_decode[0m[2m:[0m Benchmark decode: total_kv_reads=1048576 batch_size=513
[2m2026-08-18T19:42:16.333475Z[0m [32m INFO[0m [2minstrumented_scheduler._bench_step_decode[0m[2m:[0m Benchmark decode: total_kv_reads=524288 batch_size=513
[2m2026-08-18T19:42:18.000850Z[0m [32m INFO[0m [2minstrumented_scheduler._bench_step_decode[0m[2m:[0m Benchmark decode: total_kv_reads=262144 batch_size=513
[2m2026-08-18T19:42:18.733173Z[0m [32m INFO[0m [2minstrumented_scheduler._bench_step_decode[0m[2m:[0m Benchmark decode: total_kv_reads=131072 batch_size=513
[2m2026-08-18T19:42:19.447797Z[0m [32m INFO[0m [2minstrumented_scheduler._bench_step_decode[0m[2m:[0m Benchmark decode: total_kv_reads=65536 batch_size=513
[2m2026-08-18T19:42:20.153367Z[0m [32m INFO[0m [2minstrumented_scheduler._bench_step_decode[0m[2m:[0m Benchmark decode: total_kv_reads=32768 batch_size=513
[2m2026-08-18T19:42:20.863338Z[0m [32m INFO[0m [2minstrumented_scheduler._bench_step_decode[0m[2m:[0m Benchmark decode: total_kv_reads=16384 batch_size=513
[2m2026-08-18T19:42:21.562754Z[0m [32m INFO[0m [2minstrumented_scheduler._bench_step_decode[0m[2m:[0m Benchmark decode: total_kv_reads=8192 batch_size=513
[2m2026-08-18T19:42:22.257098Z[0m [32m INFO[0m [2minstrumented_scheduler._bench_step_decode[0m[2m:[0m Benchmark decode: total_kv_reads=4096 batch_size=513
[2m2026-08-18T19:42:23.781302Z[0m [32m INFO[0m [2minstrumented_scheduler._bench_step_decode[0m[2m:[0m Benchmark decode: total_kv_reads=2048 batch_size=513
[2m2026-08-18T19:42:24.476924Z[0m [32m INFO[0m [2minstrumented_scheduler._bench_step_decode[0m[2m:[0m Benchmark decode: total_kv_reads=1026 batch_size=513
[2m2026-08-18T19:42:25.170197Z[0m [32m INFO[0m [2minstrumented_scheduler._bench_step_decode[0m[2m:[0m Benchmark decode: total_kv_reads=1026 batch_size=513
[2m2026-08-18T19:42:25.863298Z[0m [32m INFO[0m [2minstrumented_scheduler._bench_step_decode[0m[2m:[0m Benchmark decode: total_kv_reads=1026 batch_size=513
[2m2026-08-18T19:42:26.647095Z[0m [32m INFO[0m [2minstrumented_scheduler._kvwarm_start_stage[0m[2m:[0m KVWARM: stage build batch=512 depth=2624
[2m2026-08-18T19:42:27.983248Z[0m [32m INFO[0m [2minstrumented_scheduler._kvwarm_monitor_build[0m[2m:[0m KVWARM: stage ready batch=512 (1.4s)
[2m2026-08-18T19:42:28.401065Z[0m [32m INFO[0m [2minstrumented_scheduler._bench_step_decode[0m[2m:[0m Benchmark decode: total_kv_reads=1048576 batch_size=512
[2m2026-08-18T19:42:28.874076Z[0m [32m INFO[0m [2minstrumented_scheduler._bench_step_decode[0m[2m:[0m Benchmark decode: total_kv_reads=524288 batch_size=512
[2m2026-08-18T19:42:29.211985Z[0m [32m INFO[0m [2minstrumented_scheduler._bench_step_decode[0m[2m:[0m Benchmark decode: total_kv_reads=262144 batch_size=512
[2m2026-08-18T19:42:30.328172Z[0m [32m INFO[0m [2minstrumented_scheduler._bench_step_decode[0m[2m:[0m Benchmark decode: total_kv_reads=131072 batch_size=512
[2m2026-08-18T19:42:30.592988Z[0m [32m INFO[0m [2minstrumented_scheduler._bench_step_decode[0m[2m:[0m Benchmark decode: total_kv_reads=65536 batch_size=512
[2m2026-08-18T19:42:30.847135Z[0m [32m INFO[0m [2minstrumented_scheduler._bench_step_decode[0m[2m:[0m Benchmark decode: total_kv_reads=32768 batch_size=512
[2m2026-08-18T19:42:31.089911Z[0m [32m INFO[0m [2minstrumented_scheduler._bench_step_decode[0m[2m:[0m Benchmark decode: total_kv_reads=16384 batch_size=512
[2m2026-08-18T19:42:31.328108Z[0m [32m INFO[0m [2minstrumented_scheduler._bench_step_decode[0m[2m:[0m Benchmark decode: total_kv_reads=8192 batch_size=512
[2m2026-08-18T19:42:31.564534Z[0m [32m INFO[0m [2minstrumented_scheduler._bench_step_decode[0m[2m:[0m Benchmark decode: total_kv_reads=4096 batch_size=512
[2m2026-08-18T19:42:31.801077Z[0m [32m INFO[0m [2minstrumented_scheduler._bench_step_decode[0m[2m:[0m Benchmark decode: total_kv_reads=2048 batch_size=512
[2m2026-08-18T19:42:32.770987Z[0m [32m INFO[0m [2minstrumented_scheduler._bench_step_decode[0m[2m:[0m Benchmark decode: total_kv_reads=1024 batch_size=512
[2m2026-08-18T19:42:33.007126Z[0m [32m INFO[0m [2minstrumented_scheduler._bench_step_decode[0m[2m:[0m Benchmark decode: total_kv_reads=1024 batch_size=512
[2m2026-08-18T19:42:33.396329Z[0m [32m INFO[0m [2minstrumented_scheduler._kvwarm_start_stage[0m[2m:[0m KVWARM: stage build batch=497 depth=2688
[2m2026-08-18T19:42:49.954610Z[0m [32m INFO[0m [2minstrumented_scheduler._kvwarm_monitor_build[0m[2m:[0m KVWARM: stage ready batch=497 (16.7s)
[2m2026-08-18T19:42:50.317910Z[0m [32m INFO[0m [2minstrumented_scheduler._bench_step_decode[0m[2m:[0m Benchmark decode: total_kv_reads=1048576 batch_size=497
[2m2026-08-18T19:42:50.792021Z[0m [32m INFO[0m [2minstrumented_scheduler._bench_step_decode[0m[2m:[0m Benchmark decode: total_kv_reads=524288 batch_size=497
[2m2026-08-18T19:42:51.133713Z[0m [32m INFO[0m [2minstrumented_scheduler._bench_step_decode[0m[2m:[0m Benchmark decode: total_kv_reads=262144 batch_size=497
[2m2026-08-18T19:42:51.422626Z[0m [32m INFO[0m [2minstrumented_scheduler._bench_step_decode[0m[2m:[0m Benchmark decode: total_kv_reads=131072 batch_size=497
[2m2026-08-18T19:42:51.686286Z[0m [32m INFO[0m [2minstrumented_scheduler._bench_step_decode[0m[2m:[0m Benchmark decode: total_kv_reads=65536 batch_size=497
[2m2026-08-18T19:42:52.743180Z[0m [32m INFO[0m [2minstrumented_scheduler._bench_step_decode[0m[2m:[0m Benchmark decode: total_kv_reads=32768 batch_size=497
[2m2026-08-18T19:42:52.987029Z[0m [32m INFO[0m [2minstrumented_scheduler._bench_step_decode[0m[2m:[0m Benchmark decode: total_kv_reads=16384 batch_size=497
[2m2026-08-18T19:42:53.225591Z[0m [32m INFO[0m [2minstrumented_scheduler._bench_step_decode[0m[2m:[0m Benchmark decode: total_kv_reads=8192 batch_size=497
[2m2026-08-18T19:42:53.462556Z[0m [32m INFO[0m [2minstrumented_scheduler._bench_step_decode[0m[2m:[0m Benchmark decode: total_kv_reads=4096 batch_size=497
[2m2026-08-18T19:42:53.698238Z[0m [32m INFO[0m [2minstrumented_scheduler._bench_step_decode[0m[2m:[0m Benchmark decode: total_kv_reads=2048 batch_size=497
[2m2026-08-18T19:42:53.934276Z[0m [32m INFO[0m [2minstrumented_scheduler._bench_step_decode[0m[2m:[0m Benchmark decode: total_kv_reads=1024 batch_size=497
[2m2026-08-18T19:42:54.169422Z[0m [32m INFO[0m [2minstrumented_scheduler._bench_step_decode[0m[2m:[0m Benchmark decode: total_kv_reads=994 batch_size=497
[2m2026-08-18T19:42:55.160301Z[0m [32m INFO[0m [2minstrumented_scheduler._bench_step_decode[0m[2m:[0m Benchmark decode: total_kv_reads=994 batch_size=497
[2m2026-08-18T19:42:55.531513Z[0m [32m INFO[0m [2minstrumented_scheduler._kvwarm_start_stage[0m[2m:[0m KVWARM: stage build batch=496 depth=2752
[2m2026-08-18T19:42:57.259899Z[0m [32m INFO[0m [2minstrumented_scheduler._kvwarm_monitor_build[0m[2m:[0m KVWARM: stage ready batch=496 (1.9s)
[2m2026-08-18T19:42:57.533243Z[0m [32m INFO[0m [2minstrumented_scheduler._bench_step_decode[0m[2m:[0m Benchmark decode: total_kv_reads=1048576 batch_size=496
[2m2026-08-18T19:42:58.015098Z[0m [32m INFO[0m [2minstrumented_scheduler._bench_step_decode[0m[2m:[0m Benchmark decode: total_kv_reads=524288 batch_size=496
[2m2026-08-18T19:42:58.351417Z[0m [32m INFO[0m [2minstrumented_scheduler._bench_step_decode[0m[2m:[0m Benchmark decode: total_kv_reads=262144 batch_size=496
[2m2026-08-18T19:42:58.639931Z[0m [32m INFO[0m [2minstrumented_scheduler._bench_step_decode[0m[2m:[0m Benchmark decode: total_kv_reads=131072 batch_size=496
[2m2026-08-18T19:42:58.910773Z[0m [32m INFO[0m [2minstrumented_scheduler._bench_step_decode[0m[2m:[0m Benchmark decode: total_kv_reads=65536 batch_size=496
[2m2026-08-18T19:42:59.168120Z[0m [32m INFO[0m [2minstrumented_scheduler._bench_step_decode[0m[2m:[0m Benchmark decode: total_kv_reads=32768 batch_size=496
[2m2026-08-18T19:43:00.185524Z[0m [32m INFO[0m [2minstrumented_scheduler._bench_step_decode[0m[2m:[0m Benchmark decode: total_kv_reads=16384 batch_size=496
[2m2026-08-18T19:43:00.422486Z[0m [32m INFO[0m [2minstrumented_scheduler._bench_step_decode[0m[2m:[0m Benchmark decode: total_kv_reads=8192 batch_size=496
[2m2026-08-18T19:43:00.657865Z[0m [32m INFO[0m [2minstrumented_scheduler._bench_step_decode[0m[2m:[0m Benchmark decode: total_kv_reads=4096 batch_size=496
[2m2026-08-18T19:43:00.892873Z[0m [32m INFO[0m [2minstrumented_scheduler._bench_step_decode[0m[2m:[0m Benchmark decode: total_kv_reads=2048 batch_size=496
[2m2026-08-18T19:43:01.127159Z[0m [32m INFO[0m [2minstrumented_scheduler._bench_step_decode[0m[2m:[0m Benchmark decode: total_kv_reads=1024 batch_size=496
[2m2026-08-18T19:43:01.361109Z[0m [32m INFO[0m [2minstrumented_scheduler._bench_step_decode[0m[2m:[0m Benchmark decode: total_kv_reads=992 batch_size=496
[2m2026-08-18T19:43:01.594369Z[0m [32m INFO[0m [2minstrumented_scheduler._bench_step_decode[0m[2m:[0m Benchmark decode: total_kv_reads=992 batch_size=496
[2m2026-08-18T19:43:02.756148Z[0m [32m INFO[0m [2minstrumented_scheduler._kvwarm_start_stage[0m[2m:[0m KVWARM: stage build batch=481 depth=2816
[2m2026-08-18T19:43:58.600099Z[0m [32m INFO[0m [2minstrumented_scheduler._kvwarm_monitor_build[0m[2m:[0m KVWARM: stage ready batch=481 (56.8s)
[2m2026-08-18T19:43:58.827699Z[0m [32m INFO[0m [2minstrumented_scheduler._bench_step_decode[0m[2m:[0m Benchmark decode: total_kv_reads=1048576 batch_size=481
[2m2026-08-18T19:43:59.312584Z[0m [32m INFO[0m [2minstrumented_scheduler._bench_step_decode[0m[2m:[0m Benchmark decode: total_kv_reads=524288 batch_size=481
[2m2026-08-18T19:43:59.649288Z[0m [32m INFO[0m [2minstrumented_scheduler._bench_step_decode[0m[2m:[0m Benchmark decode: total_kv_reads=262144 batch_size=481
[2m2026-08-18T19:43:59.935262Z[0m [32m INFO[0m [2minstrumented_scheduler._bench_step_decode[0m[2m:[0m Benchmark decode: total_kv_reads=131072 batch_size=481
[2m2026-08-18T19:44:00.196003Z[0m [32m INFO[0m [2minstrumented_scheduler._bench_step_decode[0m[2m:[0m Benchmark decode: total_kv_reads=65536 batch_size=481
[2m2026-08-18T19:44:00.446770Z[0m [32m INFO[0m [2minstrumented_scheduler._bench_step_decode[0m[2m:[0m Benchmark decode: total_kv_reads=32768 batch_size=481
[2m2026-08-18T19:44:00.687422Z[0m [32m INFO[0m [2minstrumented_scheduler._bench_step_decode[0m[2m:[0m Benchmark decode: total_kv_reads=16384 batch_size=481
[2m2026-08-18T19:44:00.923438Z[0m [32m INFO[0m [2minstrumented_scheduler._bench_step_decode[0m[2m:[0m Benchmark decode: total_kv_reads=8192 batch_size=481
[2m2026-08-18T19:44:02.258543Z[0m [32m INFO[0m [2minstrumented_scheduler._bench_step_decode[0m[2m:[0m Benchmark decode: total_kv_reads=4096 batch_size=481
[2m2026-08-18T19:44:02.493185Z[0m [32m INFO[0m [2minstrumented_scheduler._bench_step_decode[0m[2m:[0m Benchmark decode: total_kv_reads=2048 batch_size=481
[2m2026-08-18T19:44:02.727035Z[0m [32m INFO[0m [2minstrumented_scheduler._bench_step_decode[0m[2m:[0m Benchmark decode: total_kv_reads=1024 batch_size=481
[2m2026-08-18T19:44:02.960306Z[0m [32m INFO[0m [2minstrumented_scheduler._bench_step_decode[0m[2m:[0m Benchmark decode: total_kv_reads=962 batch_size=481
[2m2026-08-18T19:44:03.193809Z[0m [32m INFO[0m [2minstrumented_scheduler._bench_step_decode[0m[2m:[0m Benchmark decode: total_kv_reads=962 batch_size=481
[2m2026-08-18T19:44:03.516410Z[0m [32m INFO[0m [2minstrumented_scheduler._kvwarm_start_stage[0m[2m:[0m KVWARM: stage build batch=480 depth=2816
[2m2026-08-18T19:44:04.832542Z[0m [32m INFO[0m [2minstrumented_scheduler._kvwarm_monitor_build[0m[2m:[0m KVWARM: stage ready batch=480 (1.4s)
[2m2026-08-18T19:44:05.160104Z[0m [32m INFO[0m [2minstrumented_scheduler._bench_step_decode[0m[2m:[0m Benchmark decode: total_kv_reads=1048576 batch_size=480
[2m2026-08-18T19:44:05.626831Z[0m [32m INFO[0m [2minstrumented_scheduler._bench_step_decode[0m[2m:[0m Benchmark decode: total_kv_reads=524288 batch_size=480
[2m2026-08-18T19:44:06.754911Z[0m [32m INFO[0m [2minstrumented_scheduler._bench_step_decode[0m[2m:[0m Benchmark decode: total_kv_reads=262144 batch_size=480
[2m2026-08-18T19:44:07.035076Z[0m [32m INFO[0m [2minstrumented_scheduler._bench_step_decode[0m[2m:[0m Benchmark decode: total_kv_reads=131072 batch_size=480
[2m2026-08-18T19:44:07.292660Z[0m [32m INFO[0m [2minstrumented_scheduler._bench_step_decode[0m[2m:[0m Benchmark decode: total_kv_reads=65536 batch_size=480
[2m2026-08-18T19:44:07.538855Z[0m [32m INFO[0m [2minstrumented_scheduler._bench_step_decode[0m[2m:[0m Benchmark decode: total_kv_reads=32768 batch_size=480
[2m2026-08-18T19:44:07.775915Z[0m [32m INFO[0m [2minstrumented_scheduler._bench_step_decode[0m[2m:[0m Benchmark decode: total_kv_reads=16384 batch_size=480
[2m2026-08-18T19:44:08.007723Z[0m [32m INFO[0m [2minstrumented_scheduler._bench_step_decode[0m[2m:[0m Benchmark decode: total_kv_reads=8192 batch_size=480
[2m2026-08-18T19:44:08.238365Z[0m [32m INFO[0m [2minstrumented_scheduler._bench_step_decode[0m[2m:[0m Benchmark decode: total_kv_reads=4096 batch_size=480
[2m2026-08-18T19:44:08.468150Z[0m [32m INFO[0m [2minstrumented_scheduler._bench_step_decode[0m[2m:[0m Benchmark decode: total_kv_reads=2048 batch_size=480
[2m2026-08-18T19:44:09.440137Z[0m [32m INFO[0m [2minstrumented_scheduler._bench_step_decode[0m[2m:[0m Benchmark decode: total_kv_reads=1024 batch_size=480
[2m2026-08-18T19:44:09.669343Z[0m [32m INFO[0m [2minstrumented_scheduler._bench_step_decode[0m[2m:[0m Benchmark decode: total_kv_reads=960 batch_size=480
[2m2026-08-18T19:44:09.897968Z[0m [32m INFO[0m [2minstrumented_scheduler._bench_step_decode[0m[2m:[0m Benchmark decode: total_kv_reads=960 batch_size=480
[2m2026-08-18T19:44:10.266072Z[0m [32m INFO[0m [2minstrumented_scheduler._kvwarm_start_stage[0m[2m:[0m KVWARM: stage build batch=465 depth=2880
[2m2026-08-18T19:44:38.446840Z[0m [32m INFO[0m [2minstrumented_scheduler._kvwarm_monitor_build[0m[2m:[0m KVWARM: stage ready batch=465 (28.3s)
[2m2026-08-18T19:44:38.707181Z[0m [32m INFO[0m [2minstrumented_scheduler._bench_step_decode[0m[2m:[0m Benchmark decode: total_kv_reads=1048576 batch_size=465
[2m2026-08-18T19:44:39.187409Z[0m [32m INFO[0m [2minstrumented_scheduler._bench_step_decode[0m[2m:[0m Benchmark decode: total_kv_reads=524288 batch_size=465
[2m2026-08-18T19:44:39.516469Z[0m [32m INFO[0m [2minstrumented_scheduler._bench_step_decode[0m[2m:[0m Benchmark decode: total_kv_reads=262144 batch_size=465
[2m2026-08-18T19:44:39.796126Z[0m [32m INFO[0m [2minstrumented_scheduler._bench_step_decode[0m[2m:[0m Benchmark decode: total_kv_reads=131072 batch_size=465
[2m2026-08-18T19:44:41.030281Z[0m [32m INFO[0m [2minstrumented_scheduler._bench_step_decode[0m[2m:[0m Benchmark decode: total_kv_reads=65536 batch_size=465
[2m2026-08-18T19:44:41.276140Z[0m [32m INFO[0m [2minstrumented_scheduler._bench_step_decode[0m[2m:[0m Benchmark decode: total_kv_reads=32768 batch_size=465
[2m2026-08-18T19:44:41.512032Z[0m [32m INFO[0m [2minstrumented_scheduler._bench_step_decode[0m[2m:[0m Benchmark decode: total_kv_reads=16384 batch_size=465
[2m2026-08-18T19:44:41.744387Z[0m [32m INFO[0m [2minstrumented_scheduler._bench_step_decode[0m[2m:[0m Benchmark decode: total_kv_reads=8192 batch_size=465
[2m2026-08-18T19:44:41.975200Z[0m [32m INFO[0m [2minstrumented_scheduler._bench_step_decode[0m[2m:[0m Benchmark decode: total_kv_reads=4096 batch_size=465
[2m2026-08-18T19:44:42.204301Z[0m [32m INFO[0m [2minstrumented_scheduler._bench_step_decode[0m[2m:[0m Benchmark decode: total_kv_reads=2048 batch_size=465
[2m2026-08-18T19:44:42.433555Z[0m [32m INFO[0m [2minstrumented_scheduler._bench_step_decode[0m[2m:[0m Benchmark decode: total_kv_reads=1024 batch_size=465
[2m2026-08-18T19:44:42.661990Z[0m [32m INFO[0m [2minstrumented_scheduler._bench_step_decode[0m[2m:[0m Benchmark decode: total_kv_reads=930 batch_size=465
[2m2026-08-18T19:44:42.890146Z[0m [32m INFO[0m [2minstrumented_scheduler._bench_step_decode[0m[2m:[0m Benchmark decode: total_kv_reads=930 batch_size=465
[2m2026-08-18T19:44:44.009715Z[0m [32m INFO[0m [2minstrumented_scheduler._kvwarm_start_stage[0m[2m:[0m KVWARM: stage build batch=464 depth=2944
[2m2026-08-18T19:44:46.963897Z[0m [32m INFO[0m [2minstrumented_scheduler._kvwarm_monitor_build[0m[2m:[0m KVWARM: stage ready batch=464 (3.1s)
[2m2026-08-18T19:44:47.273746Z[0m [32m INFO[0m [2minstrumented_scheduler._bench_step_decode[0m[2m:[0m Benchmark decode: total_kv_reads=1048576 batch_size=464
[2m2026-08-18T19:44:47.739065Z[0m [32m INFO[0m [2minstrumented_scheduler._bench_step_decode[0m[2m:[0m Benchmark decode: total_kv_reads=524288 batch_size=464
[2m2026-08-18T19:44:48.069336Z[0m [32m INFO[0m [2minstrumented_scheduler._bench_step_decode[0m[2m:[0m Benchmark decode: total_kv_reads=262144 batch_size=464
[2m2026-08-18T19:44:48.349001Z[0m [32m INFO[0m [2minstrumented_scheduler._bench_step_decode[0m[2m:[0m Benchmark decode: total_kv_reads=131072 batch_size=464
[2m2026-08-18T19:44:48.603659Z[0m [32m INFO[0m [2minstrumented_scheduler._bench_step_decode[0m[2m:[0m Benchmark decode: total_kv_reads=65536 batch_size=464
[2m2026-08-18T19:44:48.848382Z[0m [32m INFO[0m [2minstrumented_scheduler._bench_step_decode[0m[2m:[0m Benchmark decode: total_kv_reads=32768 batch_size=464
[2m2026-08-18T19:44:49.083332Z[0m [32m INFO[0m [2minstrumented_scheduler._bench_step_decode[0m[2m:[0m Benchmark decode: total_kv_reads=16384 batch_size=464
[2m2026-08-18T19:44:50.107284Z[0m [32m INFO[0m [2minstrumented_scheduler._bench_step_decode[0m[2m:[0m Benchmark decode: total_kv_reads=8192 batch_size=464
[2m2026-08-18T19:44:50.336562Z[0m [32m INFO[0m [2minstrumented_scheduler._bench_step_decode[0m[2m:[0m Benchmark decode: total_kv_reads=4096 batch_size=464
[2m2026-08-18T19:44:50.564475Z[0m [32m INFO[0m [2minstrumented_scheduler._bench_step_decode[0m[2m:[0m Benchmark decode: total_kv_reads=2048 batch_size=464
[2m2026-08-18T19:44:50.791985Z[0m [32m INFO[0m [2minstrumented_scheduler._bench_step_decode[0m[2m:[0m Benchmark decode: total_kv_reads=1024 batch_size=464
[2m2026-08-18T19:44:51.018832Z[0m [32m INFO[0m [2minstrumented_scheduler._bench_step_decode[0m[2m:[0m Benchmark decode: total_kv_reads=928 batch_size=464
[2m2026-08-18T19:44:51.245425Z[0m [32m INFO[0m [2minstrumented_scheduler._bench_step_decode[0m[2m:[0m Benchmark decode: total_kv_reads=928 batch_size=464
[2m2026-08-18T19:44:51.612047Z[0m [32m INFO[0m [2minstrumented_scheduler._kvwarm_start_stage[0m[2m:[0m KVWARM: stage build batch=449 depth=3008
[2m2026-08-18T19:45:51.059933Z[0m [32m INFO[0m [2minstrumented_scheduler._kvwarm_monitor_build[0m[2m:[0m KVWARM: stage ready batch=449 (59.6s)
[2m2026-08-18T19:45:51.239719Z[0m [32m INFO[0m [2minstrumented_scheduler._bench_step_decode[0m[2m:[0m Benchmark decode: total_kv_reads=1048576 batch_size=449
[2m2026-08-18T19:45:52.830431Z[0m [32m INFO[0m [2minstrumented_scheduler._bench_step_decode[0m[2m:[0m Benchmark decode: total_kv_reads=524288 batch_size=449
[2m2026-08-18T19:45:53.160473Z[0m [32m INFO[0m [2minstrumented_scheduler._bench_step_decode[0m[2m:[0m Benchmark decode: total_kv_reads=262144 batch_size=449
[2m2026-08-18T19:45:53.441966Z[0m [32m INFO[0m [2minstrumented_scheduler._bench_step_decode[0m[2m:[0m Benchmark decode: total_kv_reads=131072 batch_size=449
[2m2026-08-18T19:45:53.696624Z[0m [32m INFO[0m [2minstrumented_scheduler._bench_step_decode[0m[2m:[0m Benchmark decode: total_kv_reads=65536 batch_size=449
[2m2026-08-18T19:45:53.940608Z[0m [32m INFO[0m [2minstrumented_scheduler._bench_step_decode[0m[2m:[0m Benchmark decode: total_kv_reads=32768 batch_size=449
[2m2026-08-18T19:45:54.176343Z[0m [32m INFO[0m [2minstrumented_scheduler._bench_step_decode[0m[2m:[0m Benchmark decode: total_kv_reads=16384 batch_size=449
[2m2026-08-18T19:45:54.406319Z[0m [32m INFO[0m [2minstrumented_scheduler._bench_step_decode[0m[2m:[0m Benchmark decode: total_kv_reads=8192 batch_size=449
[2m2026-08-18T19:45:54.634561Z[0m [32m INFO[0m [2minstrumented_scheduler._bench_step_decode[0m[2m:[0m Benchmark decode: total_kv_reads=4096 batch_size=449
[2m2026-08-18T19:45:54.861863Z[0m [32m INFO[0m [2minstrumented_scheduler._bench_step_decode[0m[2m:[0m Benchmark decode: total_kv_reads=2048 batch_size=449
[2m2026-08-18T19:45:55.849212Z[0m [32m INFO[0m [2minstrumented_scheduler._bench_step_decode[0m[2m:[0m Benchmark decode: total_kv_reads=1024 batch_size=449
[2m2026-08-18T19:45:56.076426Z[0m [32m INFO[0m [2minstrumented_scheduler._bench_step_decode[0m[2m:[0m Benchmark decode: total_kv_reads=898 batch_size=449
[2m2026-08-18T19:45:56.302704Z[0m [32m INFO[0m [2minstrumented_scheduler._bench_step_decode[0m[2m:[0m Benchmark decode: total_kv_reads=898 batch_size=449
[2m2026-08-18T19:45:56.619771Z[0m [32m INFO[0m [2minstrumented_scheduler._kvwarm_start_stage[0m[2m:[0m KVWARM: stage build batch=448 depth=3008
[2m2026-08-18T19:45:57.937756Z[0m [32m INFO[0m [2minstrumented_scheduler._kvwarm_monitor_build[0m[2m:[0m KVWARM: stage ready batch=448 (1.4s)
[2m2026-08-18T19:45:58.164414Z[0m [32m INFO[0m [2minstrumented_scheduler._bench_step_decode[0m[2m:[0m Benchmark decode: total_kv_reads=1048576 batch_size=448
[2m2026-08-18T19:45:58.622251Z[0m [32m INFO[0m [2minstrumented_scheduler._bench_step_decode[0m[2m:[0m Benchmark decode: total_kv_reads=524288 batch_size=448
[2m2026-08-18T19:45:58.948221Z[0m [32m INFO[0m [2minstrumented_scheduler._bench_step_decode[0m[2m:[0m Benchmark decode: total_kv_reads=262144 batch_size=448
[2m2026-08-18T19:45:59.226140Z[0m [32m INFO[0m [2minstrumented_scheduler._bench_step_decode[0m[2m:[0m Benchmark decode: total_kv_reads=131072 batch_size=448
[2m2026-08-18T19:46:00.258580Z[0m [32m INFO[0m [2minstrumented_scheduler._bench_step_decode[0m[2m:[0m Benchmark decode: total_kv_reads=65536 batch_size=448
[2m2026-08-18T19:46:00.501215Z[0m [32m INFO[0m [2minstrumented_scheduler._bench_step_decode[0m[2m:[0m Benchmark decode: total_kv_reads=32768 batch_size=448
[2m2026-08-18T19:46:00.734078Z[0m [32m INFO[0m [2minstrumented_scheduler._bench_step_decode[0m[2m:[0m Benchmark decode: total_kv_reads=16384 batch_size=448
[2m2026-08-18T19:46:00.961861Z[0m [32m INFO[0m [2minstrumented_scheduler._bench_step_decode[0m[2m:[0m Benchmark decode: total_kv_reads=8192 batch_size=448
[2m2026-08-18T19:46:01.188074Z[0m [32m INFO[0m [2minstrumented_scheduler._bench_step_decode[0m[2m:[0m Benchmark decode: total_kv_reads=4096 batch_size=448
[2m2026-08-18T19:46:01.413538Z[0m [32m INFO[0m [2minstrumented_scheduler._bench_step_decode[0m[2m:[0m Benchmark decode: total_kv_reads=2048 batch_size=448
[2m2026-08-18T19:46:01.638297Z[0m [32m INFO[0m [2minstrumented_scheduler._bench_step_decode[0m[2m:[0m Benchmark decode: total_kv_reads=1024 batch_size=448
[2m2026-08-18T19:46:01.862433Z[0m [32m INFO[0m [2minstrumented_scheduler._bench_step_decode[0m[2m:[0m Benchmark decode: total_kv_reads=896 batch_size=448
[2m2026-08-18T19:46:02.086215Z[0m [32m INFO[0m [2minstrumented_scheduler._bench_step_decode[0m[2m:[0m Benchmark decode: total_kv_reads=896 batch_size=448
[2m2026-08-18T19:46:03.270888Z[0m [32m INFO[0m [2minstrumented_scheduler._kvwarm_start_stage[0m[2m:[0m KVWARM: stage build batch=433 depth=3136
[2m2026-08-18T19:46:43.798561Z[0m [32m INFO[0m [2minstrumented_scheduler._kvwarm_monitor_build[0m[2m:[0m KVWARM: stage ready batch=433 (40.7s)
[2m2026-08-18T19:46:43.962987Z[0m [32m INFO[0m [2minstrumented_scheduler._bench_step_decode[0m[2m:[0m Benchmark decode: total_kv_reads=1048576 batch_size=433
[2m2026-08-18T19:46:44.433879Z[0m [32m INFO[0m [2minstrumented_scheduler._bench_step_decode[0m[2m:[0m Benchmark decode: total_kv_reads=524288 batch_size=433
[2m2026-08-18T19:46:44.757031Z[0m [32m INFO[0m [2minstrumented_scheduler._bench_step_decode[0m[2m:[0m Benchmark decode: total_kv_reads=262144 batch_size=433
[2m2026-08-18T19:46:45.032870Z[0m [32m INFO[0m [2minstrumented_scheduler._bench_step_decode[0m[2m:[0m Benchmark decode: total_kv_reads=131072 batch_size=433
[2m2026-08-18T19:46:45.284435Z[0m [32m INFO[0m [2minstrumented_scheduler._bench_step_decode[0m[2m:[0m Benchmark decode: total_kv_reads=65536 batch_size=433
[2m2026-08-18T19:46:45.526867Z[0m [32m INFO[0m [2minstrumented_scheduler._bench_step_decode[0m[2m:[0m Benchmark decode: total_kv_reads=32768 batch_size=433
[2m2026-08-18T19:46:45.759429Z[0m [32m INFO[0m [2minstrumented_scheduler._bench_step_decode[0m[2m:[0m Benchmark decode: total_kv_reads=16384 batch_size=433
[2m2026-08-18T19:46:46.975895Z[0m [32m INFO[0m [2minstrumented_scheduler._bench_step_decode[0m[2m:[0m Benchmark decode: total_kv_reads=8192 batch_size=433
[2m2026-08-18T19:46:47.202564Z[0m [32m INFO[0m [2minstrumented_scheduler._bench_step_decode[0m[2m:[0m Benchmark decode: total_kv_reads=4096 batch_size=433
[2m2026-08-18T19:46:47.427631Z[0m [32m INFO[0m [2minstrumented_scheduler._bench_step_decode[0m[2m:[0m Benchmark decode: total_kv_reads=2048 batch_size=433
[2m2026-08-18T19:46:47.651948Z[0m [32m INFO[0m [2minstrumented_scheduler._bench_step_decode[0m[2m:[0m Benchmark decode: total_kv_reads=1024 batch_size=433
[2m2026-08-18T19:46:47.876215Z[0m [32m INFO[0m [2minstrumented_scheduler._bench_step_decode[0m[2m:[0m Benchmark decode: total_kv_reads=866 batch_size=433
[2m2026-08-18T19:46:48.100455Z[0m [32m INFO[0m [2minstrumented_scheduler._bench_step_decode[0m[2m:[0m Benchmark decode: total_kv_reads=866 batch_size=433
[2m2026-08-18T19:46:48.411798Z[0m [32m INFO[0m [2minstrumented_scheduler._kvwarm_start_stage[0m[2m:[0m KVWARM: stage build batch=432 depth=3136
[2m2026-08-18T19:46:49.731370Z[0m [32m INFO[0m [2minstrumented_scheduler._kvwarm_monitor_build[0m[2m:[0m KVWARM: stage ready batch=432 (1.4s)
[2m2026-08-18T19:46:49.912485Z[0m [32m INFO[0m [2minstrumented_scheduler._bench_step_decode[0m[2m:[0m Benchmark decode: total_kv_reads=1048576 batch_size=432
[2m2026-08-18T19:46:50.363145Z[0m [32m INFO[0m [2minstrumented_scheduler._bench_step_decode[0m[2m:[0m Benchmark decode: total_kv_reads=524288 batch_size=432
[2m2026-08-18T19:46:51.461544Z[0m [32m INFO[0m [2minstrumented_scheduler._bench_step_decode[0m[2m:[0m Benchmark decode: total_kv_reads=262144 batch_size=432
[2m2026-08-18T19:46:51.734078Z[0m [32m INFO[0m [2minstrumented_scheduler._bench_step_decode[0m[2m:[0m Benchmark decode: total_kv_reads=131072 batch_size=432
[2m2026-08-18T19:46:51.983157Z[0m [32m INFO[0m [2minstrumented_scheduler._bench_step_decode[0m[2m:[0m Benchmark decode: total_kv_reads=65536 batch_size=432
[2m2026-08-18T19:46:52.224213Z[0m [32m INFO[0m [2minstrumented_scheduler._bench_step_decode[0m[2m:[0m Benchmark decode: total_kv_reads=32768 batch_size=432
[2m2026-08-18T19:46:52.455452Z[0m [32m INFO[0m [2minstrumented_scheduler._bench_step_decode[0m[2m:[0m Benchmark decode: total_kv_reads=16384 batch_size=432
[2m2026-08-18T19:46:52.679686Z[0m [32m INFO[0m [2minstrumented_scheduler._bench_step_decode[0m[2m:[0m Benchmark decode: total_kv_reads=8192 batch_size=432
[2m2026-08-18T19:46:52.902438Z[0m [32m INFO[0m [2minstrumented_scheduler._bench_step_decode[0m[2m:[0m Benchmark decode: total_kv_reads=4096 batch_size=432
[2m2026-08-18T19:46:53.124748Z[0m [32m INFO[0m [2minstrumented_scheduler._bench_step_decode[0m[2m:[0m Benchmark decode: total_kv_reads=2048 batch_size=432
[2m2026-08-18T19:46:53.346511Z[0m [32m INFO[0m [2minstrumented_scheduler._bench_step_decode[0m[2m:[0m Benchmark decode: total_kv_reads=1024 batch_size=432
[2m2026-08-18T19:46:54.328922Z[0m [32m INFO[0m [2minstrumented_scheduler._bench_step_decode[0m[2m:[0m Benchmark decode: total_kv_reads=864 batch_size=432
[2m2026-08-18T19:46:54.549391Z[0m [32m INFO[0m [2minstrumented_scheduler._bench_step_decode[0m[2m:[0m Benchmark decode: total_kv_reads=864 batch_size=432
[2m2026-08-18T19:46:54.925407Z[0m [32m INFO[0m [2minstrumented_scheduler._kvwarm_start_stage[0m[2m:[0m KVWARM: stage build batch=417 depth=3264
[2m2026-08-18T19:47:42.823227Z[0m [32m INFO[0m [2minstrumented_scheduler._kvwarm_monitor_build[0m[2m:[0m KVWARM: stage ready batch=417 (48.0s)
[2m2026-08-18T19:47:42.986681Z[0m [32m INFO[0m [2minstrumented_scheduler._bench_step_decode[0m[2m:[0m Benchmark decode: total_kv_reads=1048576 batch_size=417
[2m2026-08-18T19:47:43.448508Z[0m [32m INFO[0m [2minstrumented_scheduler._bench_step_decode[0m[2m:[0m Benchmark decode: total_kv_reads=524288 batch_size=417
[2m2026-08-18T19:47:43.768489Z[0m [32m INFO[0m [2minstrumented_scheduler._bench_step_decode[0m[2m:[0m Benchmark decode: total_kv_reads=262144 batch_size=417
[2m2026-08-18T19:47:44.040089Z[0m [32m INFO[0m [2minstrumented_scheduler._bench_step_decode[0m[2m:[0m Benchmark decode: total_kv_reads=131072 batch_size=417
[2m2026-08-18T19:47:44.288683Z[0m [32m INFO[0m [2minstrumented_scheduler._bench_step_decode[0m[2m:[0m Benchmark decode: total_kv_reads=65536 batch_size=417
[2m2026-08-18T19:47:44.527463Z[0m [32m INFO[0m [2minstrumented_scheduler._bench_step_decode[0m[2m:[0m Benchmark decode: total_kv_reads=32768 batch_size=417
[2m2026-08-18T19:47:45.862259Z[0m [32m INFO[0m [2minstrumented_scheduler._bench_step_decode[0m[2m:[0m Benchmark decode: total_kv_reads=16384 batch_size=417
[2m2026-08-18T19:47:46.087175Z[0m [32m INFO[0m [2minstrumented_scheduler._bench_step_decode[0m[2m:[0m Benchmark decode: total_kv_reads=8192 batch_size=417
[2m2026-08-18T19:47:46.310657Z[0m [32m INFO[0m [2minstrumented_scheduler._bench_step_decode[0m[2m:[0m Benchmark decode: total_kv_reads=4096 batch_size=417
[2m2026-08-18T19:47:46.533585Z[0m [32m INFO[0m [2minstrumented_scheduler._bench_step_decode[0m[2m:[0m Benchmark decode: total_kv_reads=2048 batch_size=417
[2m2026-08-18T19:47:46.755261Z[0m [32m INFO[0m [2minstrumented_scheduler._bench_step_decode[0m[2m:[0m Benchmark decode: total_kv_reads=1024 batch_size=417
[2m2026-08-18T19:47:46.976609Z[0m [32m INFO[0m [2minstrumented_scheduler._bench_step_decode[0m[2m:[0m Benchmark decode: total_kv_reads=834 batch_size=417
[2m2026-08-18T19:47:47.196893Z[0m [32m INFO[0m [2minstrumented_scheduler._bench_step_decode[0m[2m:[0m Benchmark decode: total_kv_reads=834 batch_size=417
[2m2026-08-18T19:47:47.500755Z[0m [32m INFO[0m [2minstrumented_scheduler._kvwarm_start_stage[0m[2m:[0m KVWARM: stage build batch=416 depth=3264
[2m2026-08-18T19:47:48.826753Z[0m [32m INFO[0m [2minstrumented_scheduler._kvwarm_monitor_build[0m[2m:[0m KVWARM: stage ready batch=416 (1.4s)
[2m2026-08-18T19:47:48.992504Z[0m [32m INFO[0m [2minstrumented_scheduler._bench_step_decode[0m[2m:[0m Benchmark decode: total_kv_reads=1048576 batch_size=416
[2m2026-08-18T19:47:50.196085Z[0m [32m INFO[0m [2minstrumented_scheduler._bench_step_decode[0m[2m:[0m Benchmark decode: total_kv_reads=524288 batch_size=416
[2m2026-08-18T19:47:50.513173Z[0m [32m INFO[0m [2minstrumented_scheduler._bench_step_decode[0m[2m:[0m Benchmark decode: total_kv_reads=262144 batch_size=416
[2m2026-08-18T19:47:50.779491Z[0m [32m INFO[0m [2minstrumented_scheduler._bench_step_decode[0m[2m:[0m Benchmark decode: total_kv_reads=131072 batch_size=416
[2m2026-08-18T19:47:51.022021Z[0m [32m INFO[0m [2minstrumented_scheduler._bench_step_decode[0m[2m:[0m Benchmark decode: total_kv_reads=65536 batch_size=416
[2m2026-08-18T19:47:51.256307Z[0m [32m INFO[0m [2minstrumented_scheduler._bench_step_decode[0m[2m:[0m Benchmark decode: total_kv_reads=32768 batch_size=416
[2m2026-08-18T19:47:51.481128Z[0m [32m INFO[0m [2minstrumented_scheduler._bench_step_decode[0m[2m:[0m Benchmark decode: total_kv_reads=16384 batch_size=416
[2m2026-08-18T19:47:51.700830Z[0m [32m INFO[0m [2minstrumented_scheduler._bench_step_decode[0m[2m:[0m Benchmark decode: total_kv_reads=8192 batch_size=416
[2m2026-08-18T19:47:51.919208Z[0m [32m INFO[0m [2minstrumented_scheduler._bench_step_decode[0m[2m:[0m Benchmark decode: total_kv_reads=4096 batch_size=416
[2m2026-08-18T19:47:52.265294Z[0m [32m INFO[0m [2minstrumented_scheduler._bench_step_decode[0m[2m:[0m Benchmark decode: total_kv_reads=2048 batch_size=416
[2m2026-08-18T19:47:53.234934Z[0m [32m INFO[0m [2minstrumented_scheduler._bench_step_decode[0m[2m:[0m Benchmark decode: total_kv_reads=1024 batch_size=416
[2m2026-08-18T19:47:53.452042Z[0m [32m INFO[0m [2minstrumented_scheduler._bench_step_decode[0m[2m:[0m Benchmark decode: total_kv_reads=832 batch_size=416
[2m2026-08-18T19:47:53.667856Z[0m [32m INFO[0m [2minstrumented_scheduler._bench_step_decode[0m[2m:[0m Benchmark decode: total_kv_reads=832 batch_size=416
[2m2026-08-18T19:47:54.058964Z[0m [32m INFO[0m [2minstrumented_scheduler._kvwarm_start_stage[0m[2m:[0m KVWARM: stage build batch=401 depth=3392
[2m2026-08-18T19:48:44.808654Z[0m [32m INFO[0m [2minstrumented_scheduler._kvwarm_monitor_build[0m[2m:[0m KVWARM: stage ready batch=401 (50.9s)
[2m2026-08-18T19:48:45.148176Z[0m [32m INFO[0m [2minstrumented_scheduler._bench_step_decode[0m[2m:[0m Benchmark decode: total_kv_reads=1048576 batch_size=401
[2m2026-08-18T19:48:45.622099Z[0m [32m INFO[0m [2minstrumented_scheduler._bench_step_decode[0m[2m:[0m Benchmark decode: total_kv_reads=524288 batch_size=401
[2m2026-08-18T19:48:45.945369Z[0m [32m INFO[0m [2minstrumented_scheduler._bench_step_decode[0m[2m:[0m Benchmark decode: total_kv_reads=262144 batch_size=401
[2m2026-08-18T19:48:46.215371Z[0m [32m INFO[0m [2minstrumented_scheduler._bench_step_decode[0m[2m:[0m Benchmark decode: total_kv_reads=131072 batch_size=401
[2m2026-08-18T19:48:46.459770Z[0m [32m INFO[0m [2minstrumented_scheduler._bench_step_decode[0m[2m:[0m Benchmark decode: total_kv_reads=65536 batch_size=401
[2m2026-08-18T19:48:46.693867Z[0m [32m INFO[0m [2minstrumented_scheduler._bench_step_decode[0m[2m:[0m Benchmark decode: total_kv_reads=32768 batch_size=401
[2m2026-08-18T19:48:48.023712Z[0m [32m INFO[0m [2minstrumented_scheduler._bench_step_decode[0m[2m:[0m Benchmark decode: total_kv_reads=16384 batch_size=401
[2m2026-08-18T19:48:48.244193Z[0m [32m INFO[0m [2minstrumented_scheduler._bench_step_decode[0m[2m:[0m Benchmark decode: total_kv_reads=8192 batch_size=401
[2m2026-08-18T19:48:48.462814Z[0m [32m INFO[0m [2minstrumented_scheduler._bench_step_decode[0m[2m:[0m Benchmark decode: total_kv_reads=4096 batch_size=401
[2m2026-08-18T19:48:48.680499Z[0m [32m INFO[0m [2minstrumented_scheduler._bench_step_decode[0m[2m:[0m Benchmark decode: total_kv_reads=2048 batch_size=401
[2m2026-08-18T19:48:48.897293Z[0m [32m INFO[0m [2minstrumented_scheduler._bench_step_decode[0m[2m:[0m Benchmark decode: total_kv_reads=1024 batch_size=401
[2m2026-08-18T19:48:49.113086Z[0m [32m INFO[0m [2minstrumented_scheduler._bench_step_decode[0m[2m:[0m Benchmark decode: total_kv_reads=802 batch_size=401
[2m2026-08-18T19:48:49.328520Z[0m [32m INFO[0m [2minstrumented_scheduler._bench_step_decode[0m[2m:[0m Benchmark decode: total_kv_reads=802 batch_size=401
[2m2026-08-18T19:48:49.626054Z[0m [32m INFO[0m [2minstrumented_scheduler._kvwarm_start_stage[0m[2m:[0m KVWARM: stage build batch=400 depth=3392
[2m2026-08-18T19:48:50.966925Z[0m [32m INFO[0m [2minstrumented_scheduler._kvwarm_monitor_build[0m[2m:[0m KVWARM: stage ready batch=400 (1.4s)
[2m2026-08-18T19:48:51.087123Z[0m [32m INFO[0m [2minstrumented_scheduler._bench_step_decode[0m[2m:[0m Benchmark decode: total_kv_reads=1048576 batch_size=400
[2m2026-08-18T19:48:52.306544Z[0m [32m INFO[0m [2minstrumented_scheduler._bench_step_decode[0m[2m:[0m Benchmark decode: total_kv_reads=524288 batch_size=400
[2m2026-08-18T19:48:52.623234Z[0m [32m INFO[0m [2minstrumented_scheduler._bench_step_decode[0m[2m:[0m Benchmark decode: total_kv_reads=262144 batch_size=400
[2m2026-08-18T19:48:52.890022Z[0m [32m INFO[0m [2minstrumented_scheduler._bench_step_decode[0m[2m:[0m Benchmark decode: total_kv_reads=131072 batch_size=400
[2m2026-08-18T19:48:53.131463Z[0m [32m INFO[0m [2minstrumented_scheduler._bench_step_decode[0m[2m:[0m Benchmark decode: total_kv_reads=65536 batch_size=400
[2m2026-08-18T19:48:53.363403Z[0m [32m INFO[0m [2minstrumented_scheduler._bench_step_decode[0m[2m:[0m Benchmark decode: total_kv_reads=32768 batch_size=400
[2m2026-08-18T19:48:53.586429Z[0m [32m INFO[0m [2minstrumented_scheduler._bench_step_decode[0m[2m:[0m Benchmark decode: total_kv_reads=16384 batch_size=400
[2m2026-08-18T19:48:53.804455Z[0m [32m INFO[0m [2minstrumented_scheduler._bench_step_decode[0m[2m:[0m Benchmark decode: total_kv_reads=8192 batch_size=400
[2m2026-08-18T19:48:54.020858Z[0m [32m INFO[0m [2minstrumented_scheduler._bench_step_decode[0m[2m:[0m Benchmark decode: total_kv_reads=4096 batch_size=400
[2m2026-08-18T19:48:54.236189Z[0m [32m INFO[0m [2minstrumented_scheduler._bench_step_decode[0m[2m:[0m Benchmark decode: total_kv_reads=2048 batch_size=400
[2m2026-08-18T19:48:54.451133Z[0m [32m INFO[0m [2minstrumented_scheduler._bench_step_decode[0m[2m:[0m Benchmark decode: total_kv_reads=1024 batch_size=400
[2m2026-08-18T19:48:55.454535Z[0m [32m INFO[0m [2minstrumented_scheduler._bench_step_decode[0m[2m:[0m Benchmark decode: total_kv_reads=800 batch_size=400
[2m2026-08-18T19:48:55.668978Z[0m [32m INFO[0m [2minstrumented_scheduler._bench_step_decode[0m[2m:[0m Benchmark decode: total_kv_reads=800 batch_size=400
[2m2026-08-18T19:48:56.027385Z[0m [32m INFO[0m [2minstrumented_scheduler._kvwarm_start_stage[0m[2m:[0m KVWARM: stage build batch=385 depth=3520
[2m2026-08-18T19:49:45.048932Z[0m [32m INFO[0m [2minstrumented_scheduler._kvwarm_monitor_build[0m[2m:[0m KVWARM: stage ready batch=385 (49.2s)
[2m2026-08-18T19:49:45.237391Z[0m [32m INFO[0m [2minstrumented_scheduler._bench_step_decode[0m[2m:[0m Benchmark decode: total_kv_reads=1048576 batch_size=385
[2m2026-08-18T19:49:45.701187Z[0m [32m INFO[0m [2minstrumented_scheduler._bench_step_decode[0m[2m:[0m Benchmark decode: total_kv_reads=524288 batch_size=385
[2m2026-08-18T19:49:46.016314Z[0m [32m INFO[0m [2minstrumented_scheduler._bench_step_decode[0m[2m:[0m Benchmark decode: total_kv_reads=262144 batch_size=385
[2m2026-08-18T19:49:46.281849Z[0m [32m INFO[0m [2minstrumented_scheduler._bench_step_decode[0m[2m:[0m Benchmark decode: total_kv_reads=131072 batch_size=385
[2m2026-08-18T19:49:46.525173Z[0m [32m INFO[0m [2minstrumented_scheduler._bench_step_decode[0m[2m:[0m Benchmark decode: total_kv_reads=65536 batch_size=385
[2m2026-08-18T19:49:46.756736Z[0m [32m INFO[0m [2minstrumented_scheduler._bench_step_decode[0m[2m:[0m Benchmark decode: total_kv_reads=32768 batch_size=385
[2m2026-08-18T19:49:48.048123Z[0m [32m INFO[0m [2minstrumented_scheduler._bench_step_decode[0m[2m:[0m Benchmark decode: total_kv_reads=16384 batch_size=385
[2m2026-08-18T19:49:48.266812Z[0m [32m INFO[0m [2minstrumented_scheduler._bench_step_decode[0m[2m:[0m Benchmark decode: total_kv_reads=8192 batch_size=385
[2m2026-08-18T19:49:48.483782Z[0m [32m INFO[0m [2minstrumented_scheduler._bench_step_decode[0m[2m:[0m Benchmark decode: total_kv_reads=4096 batch_size=385
[2m2026-08-18T19:49:48.699930Z[0m [32m INFO[0m [2minstrumented_scheduler._bench_step_decode[0m[2m:[0m Benchmark decode: total_kv_reads=2048 batch_size=385
[2m2026-08-18T19:49:48.915119Z[0m [32m INFO[0m [2minstrumented_scheduler._bench_step_decode[0m[2m:[0m Benchmark decode: total_kv_reads=1024 batch_size=385
[2m2026-08-18T19:49:49.129405Z[0m [32m INFO[0m [2minstrumented_scheduler._bench_step_decode[0m[2m:[0m Benchmark decode: total_kv_reads=770 batch_size=385
[2m2026-08-18T19:49:49.343485Z[0m [32m INFO[0m [2minstrumented_scheduler._bench_step_decode[0m[2m:[0m Benchmark decode: total_kv_reads=770 batch_size=385
[2m2026-08-18T19:49:49.648853Z[0m [32m INFO[0m [2minstrumented_scheduler._kvwarm_start_stage[0m[2m:[0m KVWARM: stage build batch=384 depth=3520
[2m2026-08-18T19:49:50.551690Z[0m [32m INFO[0m [2minstrumented_scheduler._kvwarm_monitor_build[0m[2m:[0m KVWARM: stage ready batch=384 (1.0s)
[2m2026-08-18T19:49:50.971985Z[0m [32m INFO[0m [2minstrumented_scheduler._bench_step_decode[0m[2m:[0m Benchmark decode: total_kv_reads=1048576 batch_size=384
[2m2026-08-18T19:49:51.405948Z[0m [32m INFO[0m [2minstrumented_scheduler._bench_step_decode[0m[2m:[0m Benchmark decode: total_kv_reads=524288 batch_size=384
[2m2026-08-18T19:49:52.555617Z[0m [32m INFO[0m [2minstrumented_scheduler._bench_step_decode[0m[2m:[0m Benchmark decode: total_kv_reads=262144 batch_size=384
[2m2026-08-18T19:49:52.817400Z[0m [32m INFO[0m [2minstrumented_scheduler._bench_step_decode[0m[2m:[0m Benchmark decode: total_kv_reads=131072 batch_size=384
[2m2026-08-18T19:49:53.054811Z[0m [32m INFO[0m [2minstrumented_scheduler._bench_step_decode[0m[2m:[0m Benchmark decode: total_kv_reads=65536 batch_size=384
[2m2026-08-18T19:49:53.280187Z[0m [32m INFO[0m [2minstrumented_scheduler._bench_step_decode[0m[2m:[0m Benchmark decode: total_kv_reads=32768 batch_size=384
[2m2026-08-18T19:49:53.497215Z[0m [32m INFO[0m [2minstrumented_scheduler._bench_step_decode[0m[2m:[0m Benchmark decode: total_kv_reads=16384 batch_size=384
[2m2026-08-18T19:49:53.710552Z[0m [32m INFO[0m [2minstrumented_scheduler._bench_step_decode[0m[2m:[0m Benchmark decode: total_kv_reads=8192 batch_size=384
[2m2026-08-18T19:49:53.922731Z[0m [32m INFO[0m [2minstrumented_scheduler._bench_step_decode[0m[2m:[0m Benchmark decode: total_kv_reads=4096 batch_size=384
[2m2026-08-18T19:49:54.133933Z[0m [32m INFO[0m [2minstrumented_scheduler._bench_step_decode[0m[2m:[0m Benchmark decode: total_kv_reads=2048 batch_size=384
[2m2026-08-18T19:49:54.344242Z[0m [32m INFO[0m [2minstrumented_scheduler._bench_step_decode[0m[2m:[0m Benchmark decode: total_kv_reads=1024 batch_size=384
[2m2026-08-18T19:49:54.554214Z[0m [32m INFO[0m [2minstrumented_scheduler._bench_step_decode[0m[2m:[0m Benchmark decode: total_kv_reads=768 batch_size=384
[2m2026-08-18T19:49:55.511843Z[0m [32m INFO[0m [2minstrumented_scheduler._bench_step_decode[0m[2m:[0m Benchmark decode: total_kv_reads=768 batch_size=384
[2m2026-08-18T19:49:55.909457Z[0m [32m INFO[0m [2minstrumented_scheduler._kvwarm_start_stage[0m[2m:[0m KVWARM: stage build batch=369 depth=3648
[2m2026-08-18T19:50:37.387357Z[0m [32m INFO[0m [2minstrumented_scheduler._kvwarm_monitor_build[0m[2m:[0m KVWARM: stage ready batch=369 (41.7s)
[2m2026-08-18T19:50:37.595612Z[0m [32m INFO[0m [2minstrumented_scheduler._bench_step_decode[0m[2m:[0m Benchmark decode: total_kv_reads=1048576 batch_size=369
[2m2026-08-18T19:50:38.049831Z[0m [32m INFO[0m [2minstrumented_scheduler._bench_step_decode[0m[2m:[0m Benchmark decode: total_kv_reads=524288 batch_size=369
[2m2026-08-18T19:50:38.362653Z[0m [32m INFO[0m [2minstrumented_scheduler._bench_step_decode[0m[2m:[0m Benchmark decode: total_kv_reads=262144 batch_size=369
[2m2026-08-18T19:50:38.625441Z[0m [32m INFO[0m [2minstrumented_scheduler._bench_step_decode[0m[2m:[0m Benchmark decode: total_kv_reads=131072 batch_size=369
[2m2026-08-18T19:50:38.862925Z[0m [32m INFO[0m [2minstrumented_scheduler._bench_step_decode[0m[2m:[0m Benchmark decode: total_kv_reads=65536 batch_size=369
[2m2026-08-18T19:50:39.088221Z[0m [32m INFO[0m [2minstrumented_scheduler._bench_step_decode[0m[2m:[0m Benchmark decode: total_kv_reads=32768 batch_size=369
[2m2026-08-18T19:50:39.306171Z[0m [32m INFO[0m [2minstrumented_scheduler._bench_step_decode[0m[2m:[0m Benchmark decode: total_kv_reads=16384 batch_size=369
[2m2026-08-18T19:50:39.519117Z[0m [32m INFO[0m [2minstrumented_scheduler._bench_step_decode[0m[2m:[0m Benchmark decode: total_kv_reads=8192 batch_size=369
[2m2026-08-18T19:50:39.730833Z[0m [32m INFO[0m [2minstrumented_scheduler._bench_step_decode[0m[2m:[0m Benchmark decode: total_kv_reads=4096 batch_size=369
[2m2026-08-18T19:50:40.971878Z[0m [32m INFO[0m [2minstrumented_scheduler._bench_step_decode[0m[2m:[0m Benchmark decode: total_kv_reads=2048 batch_size=369
[2m2026-08-18T19:50:41.183156Z[0m [32m INFO[0m [2minstrumented_scheduler._bench_step_decode[0m[2m:[0m Benchmark decode: total_kv_reads=1024 batch_size=369
[2m2026-08-18T19:50:41.392911Z[0m [32m INFO[0m [2minstrumented_scheduler._bench_step_decode[0m[2m:[0m Benchmark decode: total_kv_reads=738 batch_size=369
[2m2026-08-18T19:50:41.601826Z[0m [32m INFO[0m [2minstrumented_scheduler._bench_step_decode[0m[2m:[0m Benchmark decode: total_kv_reads=738 batch_size=369
[2m2026-08-18T19:50:41.946049Z[0m [32m INFO[0m [2minstrumented_scheduler._kvwarm_start_stage[0m[2m:[0m KVWARM: stage build batch=368 depth=3712
[2m2026-08-18T19:50:47.800502Z[0m [32m INFO[0m [2minstrumented_scheduler._kvwarm_monitor_build[0m[2m:[0m KVWARM: stage ready batch=368 (6.0s)
[2m2026-08-18T19:50:48.073595Z[0m [32m INFO[0m [2minstrumented_scheduler._bench_step_decode[0m[2m:[0m Benchmark decode: total_kv_reads=1048576 batch_size=368
[2m2026-08-18T19:50:48.512071Z[0m [32m INFO[0m [2minstrumented_scheduler._bench_step_decode[0m[2m:[0m Benchmark decode: total_kv_reads=524288 batch_size=368
[2m2026-08-18T19:50:48.825143Z[0m [32m INFO[0m [2minstrumented_scheduler._bench_step_decode[0m[2m:[0m Benchmark decode: total_kv_reads=262144 batch_size=368
[2m2026-08-18T19:50:49.088389Z[0m [32m INFO[0m [2minstrumented_scheduler._bench_step_decode[0m[2m:[0m Benchmark decode: total_kv_reads=131072 batch_size=368
[2m2026-08-18T19:50:49.327317Z[0m [32m INFO[0m [2minstrumented_scheduler._bench_step_decode[0m[2m:[0m Benchmark decode: total_kv_reads=65536 batch_size=368
[2m2026-08-18T19:50:49.554100Z[0m [32m INFO[0m [2minstrumented_scheduler._bench_step_decode[0m[2m:[0m Benchmark decode: total_kv_reads=32768 batch_size=368
[2m2026-08-18T19:50:50.622940Z[0m [32m INFO[0m [2minstrumented_scheduler._bench_step_decode[0m[2m:[0m Benchmark decode: total_kv_reads=16384 batch_size=368
[2m2026-08-18T19:50:50.838879Z[0m [32m INFO[0m [2minstrumented_scheduler._bench_step_decode[0m[2m:[0m Benchmark decode: total_kv_reads=8192 batch_size=368
[2m2026-08-18T19:50:51.052704Z[0m [32m INFO[0m [2minstrumented_scheduler._bench_step_decode[0m[2m:[0m Benchmark decode: total_kv_reads=4096 batch_size=368
[2m2026-08-18T19:50:51.265509Z[0m [32m INFO[0m [2minstrumented_scheduler._bench_step_decode[0m[2m:[0m Benchmark decode: total_kv_reads=2048 batch_size=368
[2m2026-08-18T19:50:51.477394Z[0m [32m INFO[0m [2minstrumented_scheduler._bench_step_decode[0m[2m:[0m Benchmark decode: total_kv_reads=1024 batch_size=368
[2m2026-08-18T19:50:51.688856Z[0m [32m INFO[0m [2minstrumented_scheduler._bench_step_decode[0m[2m:[0m Benchmark decode: total_kv_reads=736 batch_size=368
[2m2026-08-18T19:50:51.899473Z[0m [32m INFO[0m [2minstrumented_scheduler._bench_step_decode[0m[2m:[0m Benchmark decode: total_kv_reads=736 batch_size=368
[2m2026-08-18T19:50:52.282471Z[0m [32m INFO[0m [2minstrumented_scheduler._kvwarm_start_stage[0m[2m:[0m KVWARM: stage build batch=353 depth=3840
[2m2026-08-18T19:51:54.118106Z[0m [32m INFO[0m [2minstrumented_scheduler._kvwarm_monitor_build[0m[2m:[0m KVWARM: stage ready batch=353 (62.0s)
[2m2026-08-18T19:51:54.522961Z[0m [32m INFO[0m [2minstrumented_scheduler._bench_step_decode[0m[2m:[0m Benchmark decode: total_kv_reads=1048576 batch_size=353
[2m2026-08-18T19:51:54.991200Z[0m [32m INFO[0m [2minstrumented_scheduler._bench_step_decode[0m[2m:[0m Benchmark decode: total_kv_reads=524288 batch_size=353
[2m2026-08-18T19:51:55.305991Z[0m [32m INFO[0m [2minstrumented_scheduler._bench_step_decode[0m[2m:[0m Benchmark decode: total_kv_reads=262144 batch_size=353
[2m2026-08-18T19:51:56.718814Z[0m [32m INFO[0m [2minstrumented_scheduler._bench_step_decode[0m[2m:[0m Benchmark decode: total_kv_reads=131072 batch_size=353
[2m2026-08-18T19:51:56.959808Z[0m [32m INFO[0m [2minstrumented_scheduler._bench_step_decode[0m[2m:[0m Benchmark decode: total_kv_reads=65536 batch_size=353
[2m2026-08-18T19:51:57.186913Z[0m [32m INFO[0m [2minstrumented_scheduler._bench_step_decode[0m[2m:[0m Benchmark decode: total_kv_reads=32768 batch_size=353
[2m2026-08-18T19:51:57.407128Z[0m [32m INFO[0m [2minstrumented_scheduler._bench_step_decode[0m[2m:[0m Benchmark decode: total_kv_reads=16384 batch_size=353
[2m2026-08-18T19:51:57.621818Z[0m [32m INFO[0m [2minstrumented_scheduler._bench_step_decode[0m[2m:[0m Benchmark decode: total_kv_reads=8192 batch_size=353
[2m2026-08-18T19:51:57.835231Z[0m [32m INFO[0m [2minstrumented_scheduler._bench_step_decode[0m[2m:[0m Benchmark decode: total_kv_reads=4096 batch_size=353
[2m2026-08-18T19:51:58.048038Z[0m [32m INFO[0m [2minstrumented_scheduler._bench_step_decode[0m[2m:[0m Benchmark decode: total_kv_reads=2048 batch_size=353
[2m2026-08-18T19:51:58.260670Z[0m [32m INFO[0m [2minstrumented_scheduler._bench_step_decode[0m[2m:[0m Benchmark decode: total_kv_reads=1024 batch_size=353
[2m2026-08-18T19:51:58.472120Z[0m [32m INFO[0m [2minstrumented_scheduler._bench_step_decode[0m[2m:[0m Benchmark decode: total_kv_reads=706 batch_size=353
[2m2026-08-18T19:51:58.683160Z[0m [32m INFO[0m [2minstrumented_scheduler._bench_step_decode[0m[2m:[0m Benchmark decode: total_kv_reads=706 batch_size=353
[2m2026-08-18T19:51:58.982912Z[0m [32m INFO[0m [2minstrumented_scheduler._kvwarm_start_stage[0m[2m:[0m KVWARM: stage build batch=352 depth=3840
[2m2026-08-18T19:51:59.892557Z[0m [32m INFO[0m [2minstrumented_scheduler._kvwarm_monitor_build[0m[2m:[0m KVWARM: stage ready batch=352 (1.0s)
[2m2026-08-18T19:52:00.219744Z[0m [32m INFO[0m [2minstrumented_scheduler._bench_step_decode[0m[2m:[0m Benchmark decode: total_kv_reads=1048576 batch_size=352
[2m2026-08-18T19:52:01.393217Z[0m [32m INFO[0m [2minstrumented_scheduler._bench_step_decode[0m[2m:[0m Benchmark decode: total_kv_reads=524288 batch_size=352
[2m2026-08-18T19:52:01.697476Z[0m [32m INFO[0m [2minstrumented_scheduler._bench_step_decode[0m[2m:[0m Benchmark decode: total_kv_reads=262144 batch_size=352
[2m2026-08-18T19:52:01.953454Z[0m [32m INFO[0m [2minstrumented_scheduler._bench_step_decode[0m[2m:[0m Benchmark decode: total_kv_reads=131072 batch_size=352
[2m2026-08-18T19:52:02.183571Z[0m [32m INFO[0m [2minstrumented_scheduler._bench_step_decode[0m[2m:[0m Benchmark decode: total_kv_reads=65536 batch_size=352
[2m2026-08-18T19:52:02.403527Z[0m [32m INFO[0m [2minstrumented_scheduler._bench_step_decode[0m[2m:[0m Benchmark decode: total_kv_reads=32768 batch_size=352
[2m2026-08-18T19:52:02.617171Z[0m [32m INFO[0m [2minstrumented_scheduler._bench_step_decode[0m[2m:[0m Benchmark decode: total_kv_reads=16384 batch_size=352
[2m2026-08-18T19:52:02.825005Z[0m [32m INFO[0m [2minstrumented_scheduler._bench_step_decode[0m[2m:[0m Benchmark decode: total_kv_reads=8192 batch_size=352
[2m2026-08-18T19:52:03.030719Z[0m [32m INFO[0m [2minstrumented_scheduler._bench_step_decode[0m[2m:[0m Benchmark decode: total_kv_reads=4096 batch_size=352
[2m2026-08-18T19:52:03.235487Z[0m [32m INFO[0m [2minstrumented_scheduler._bench_step_decode[0m[2m:[0m Benchmark decode: total_kv_reads=2048 batch_size=352
[2m2026-08-18T19:52:03.439898Z[0m [32m INFO[0m [2minstrumented_scheduler._bench_step_decode[0m[2m:[0m Benchmark decode: total_kv_reads=1024 batch_size=352
[2m2026-08-18T19:52:03.643364Z[0m [32m INFO[0m [2minstrumented_scheduler._bench_step_decode[0m[2m:[0m Benchmark decode: total_kv_reads=704 batch_size=352
[2m2026-08-18T19:52:03.845930Z[0m [32m INFO[0m [2minstrumented_scheduler._bench_step_decode[0m[2m:[0m Benchmark decode: total_kv_reads=704 batch_size=352
[2m2026-08-18T19:52:05.002870Z[0m [32m INFO[0m [2minstrumented_scheduler._kvwarm_start_stage[0m[2m:[0m KVWARM: stage build batch=337 depth=4032
[2m2026-08-18T19:52:55.026468Z[0m [32m INFO[0m [2minstrumented_scheduler._kvwarm_monitor_build[0m[2m:[0m KVWARM: stage ready batch=337 (50.2s)
[2m2026-08-18T19:52:55.248432Z[0m [32m INFO[0m [2minstrumented_scheduler._bench_step_decode[0m[2m:[0m Benchmark decode: total_kv_reads=1048576 batch_size=337
[2m2026-08-18T19:52:55.699964Z[0m [32m INFO[0m [2minstrumented_scheduler._bench_step_decode[0m[2m:[0m Benchmark decode: total_kv_reads=524288 batch_size=337
[2m2026-08-18T19:52:56.009436Z[0m [32m INFO[0m [2minstrumented_scheduler._bench_step_decode[0m[2m:[0m Benchmark decode: total_kv_reads=262144 batch_size=337
[2m2026-08-18T19:52:56.268991Z[0m [32m INFO[0m [2minstrumented_scheduler._bench_step_decode[0m[2m:[0m Benchmark decode: total_kv_reads=131072 batch_size=337
[2m2026-08-18T19:52:56.503241Z[0m [32m INFO[0m [2minstrumented_scheduler._bench_step_decode[0m[2m:[0m Benchmark decode: total_kv_reads=65536 batch_size=337
[2m2026-08-18T19:52:56.722149Z[0m [32m INFO[0m [2minstrumented_scheduler._bench_step_decode[0m[2m:[0m Benchmark decode: total_kv_reads=32768 batch_size=337
[2m2026-08-18T19:52:56.933973Z[0m [32m INFO[0m [2minstrumented_scheduler._bench_step_decode[0m[2m:[0m Benchmark decode: total_kv_reads=16384 batch_size=337
[2m2026-08-18T19:52:57.140887Z[0m [32m INFO[0m [2minstrumented_scheduler._bench_step_decode[0m[2m:[0m Benchmark decode: total_kv_reads=8192 batch_size=337
[2m2026-08-18T19:52:57.346800Z[0m [32m INFO[0m [2minstrumented_scheduler._bench_step_decode[0m[2m:[0m Benchmark decode: total_kv_reads=4096 batch_size=337
[2m2026-08-18T19:52:57.551698Z[0m [32m INFO[0m [2minstrumented_scheduler._bench_step_decode[0m[2m:[0m Benchmark decode: total_kv_reads=2048 batch_size=337
[2m2026-08-18T19:52:57.756452Z[0m [32m INFO[0m [2minstrumented_scheduler._bench_step_decode[0m[2m:[0m Benchmark decode: total_kv_reads=1024 batch_size=337
[2m2026-08-18T19:52:59.074129Z[0m [32m INFO[0m [2minstrumented_scheduler._bench_step_decode[0m[2m:[0m Benchmark decode: total_kv_reads=674 batch_size=337
[2m2026-08-18T19:52:59.278292Z[0m [32m INFO[0m [2minstrumented_scheduler._bench_step_decode[0m[2m:[0m Benchmark decode: total_kv_reads=674 batch_size=337
[2m2026-08-18T19:52:59.562750Z[0m [32m INFO[0m [2minstrumented_scheduler._kvwarm_start_stage[0m[2m:[0m KVWARM: stage build batch=336 depth=4032
[2m2026-08-18T19:53:00.478942Z[0m [32m INFO[0m [2minstrumented_scheduler._kvwarm_monitor_build[0m[2m:[0m KVWARM: stage ready batch=336 (1.0s)
[2m2026-08-18T19:53:00.764125Z[0m [32m INFO[0m [2minstrumented_scheduler._bench_step_decode[0m[2m:[0m Benchmark decode: total_kv_reads=1048576 batch_size=336
[2m2026-08-18T19:53:01.181669Z[0m [32m INFO[0m [2minstrumented_scheduler._bench_step_decode[0m[2m:[0m Benchmark decode: total_kv_reads=524288 batch_size=336
[2m2026-08-18T19:53:01.485584Z[0m [32m INFO[0m [2minstrumented_scheduler._bench_step_decode[0m[2m:[0m Benchmark decode: total_kv_reads=262144 batch_size=336
[2m2026-08-18T19:53:01.738317Z[0m [32m INFO[0m [2minstrumented_scheduler._bench_step_decode[0m[2m:[0m Benchmark decode: total_kv_reads=131072 batch_size=336
[2m2026-08-18T19:53:01.966756Z[0m [32m INFO[0m [2minstrumented_scheduler._bench_step_decode[0m[2m:[0m Benchmark decode: total_kv_reads=65536 batch_size=336
[2m2026-08-18T19:53:02.182530Z[0m [32m INFO[0m [2minstrumented_scheduler._bench_step_decode[0m[2m:[0m Benchmark decode: total_kv_reads=32768 batch_size=336
[2m2026-08-18T19:53:02.391126Z[0m [32m INFO[0m [2minstrumented_scheduler._bench_step_decode[0m[2m:[0m Benchmark decode: total_kv_reads=16384 batch_size=336
[2m2026-08-18T19:53:02.594981Z[0m [32m INFO[0m [2minstrumented_scheduler._bench_step_decode[0m[2m:[0m Benchmark decode: total_kv_reads=8192 batch_size=336
[2m2026-08-18T19:53:02.797901Z[0m [32m INFO[0m [2minstrumented_scheduler._bench_step_decode[0m[2m:[0m Benchmark decode: total_kv_reads=4096 batch_size=336
[2m2026-08-18T19:53:03.750886Z[0m [32m INFO[0m [2minstrumented_scheduler._bench_step_decode[0m[2m:[0m Benchmark decode: total_kv_reads=2048 batch_size=336
[2m2026-08-18T19:53:03.952540Z[0m [32m INFO[0m [2minstrumented_scheduler._bench_step_decode[0m[2m:[0m Benchmark decode: total_kv_reads=1024 batch_size=336
[2m2026-08-18T19:53:04.152821Z[0m [32m INFO[0m [2minstrumented_scheduler._bench_step_decode[0m[2m:[0m Benchmark decode: total_kv_reads=672 batch_size=336
[2m2026-08-18T19:53:04.351769Z[0m [32m INFO[0m [2minstrumented_scheduler._bench_step_decode[0m[2m:[0m Benchmark decode: total_kv_reads=672 batch_size=336
[2m2026-08-18T19:53:04.787554Z[0m [32m INFO[0m [2minstrumented_scheduler._kvwarm_start_stage[0m[2m:[0m KVWARM: stage build batch=321 depth=4224
[2m2026-08-18T19:53:57.003638Z[0m [32m INFO[0m [2minstrumented_scheduler._kvwarm_monitor_build[0m[2m:[0m KVWARM: stage ready batch=321 (52.4s)
[2m2026-08-18T19:53:57.171414Z[0m [32m INFO[0m [2minstrumented_scheduler._bench_step_decode[0m[2m:[0m Benchmark decode: total_kv_reads=1048576 batch_size=321
[2m2026-08-18T19:53:57.624011Z[0m [32m INFO[0m [2minstrumented_scheduler._bench_step_decode[0m[2m:[0m Benchmark decode: total_kv_reads=524288 batch_size=321
[2m2026-08-18T19:53:57.928009Z[0m [32m INFO[0m [2minstrumented_scheduler._bench_step_decode[0m[2m:[0m Benchmark decode: total_kv_reads=262144 batch_size=321
[2m2026-08-18T19:53:58.180675Z[0m [32m INFO[0m [2minstrumented_scheduler._bench_step_decode[0m[2m:[0m Benchmark decode: total_kv_reads=131072 batch_size=321
[2m2026-08-18T19:53:58.408398Z[0m [32m INFO[0m [2minstrumented_scheduler._bench_step_decode[0m[2m:[0m Benchmark decode: total_kv_reads=65536 batch_size=321
[2m2026-08-18T19:53:58.624135Z[0m [32m INFO[0m [2minstrumented_scheduler._bench_step_decode[0m[2m:[0m Benchmark decode: total_kv_reads=32768 batch_size=321
[2m2026-08-18T19:53:58.832175Z[0m [32m INFO[0m [2minstrumented_scheduler._bench_step_decode[0m[2m:[0m Benchmark decode: total_kv_reads=16384 batch_size=321
[2m2026-08-18T19:53:59.036043Z[0m [32m INFO[0m [2minstrumented_scheduler._bench_step_decode[0m[2m:[0m Benchmark decode: total_kv_reads=8192 batch_size=321
[2m2026-08-18T19:53:59.238780Z[0m [32m INFO[0m [2minstrumented_scheduler._bench_step_decode[0m[2m:[0m Benchmark decode: total_kv_reads=4096 batch_size=321
[2m2026-08-18T19:54:00.585150Z[0m [32m INFO[0m [2minstrumented_scheduler._bench_step_decode[0m[2m:[0m Benchmark decode: total_kv_reads=2048 batch_size=321
[2m2026-08-18T19:54:00.786327Z[0m [32m INFO[0m [2minstrumented_scheduler._bench_step_decode[0m[2m:[0m Benchmark decode: total_kv_reads=1024 batch_size=321
[2m2026-08-18T19:54:00.986713Z[0m [32m INFO[0m [2minstrumented_scheduler._bench_step_decode[0m[2m:[0m Benchmark decode: total_kv_reads=642 batch_size=321
[2m2026-08-18T19:54:01.185972Z[0m [32m INFO[0m [2minstrumented_scheduler._bench_step_decode[0m[2m:[0m Benchmark decode: total_kv_reads=642 batch_size=321
[2m2026-08-18T19:54:01.468944Z[0m [32m INFO[0m [2minstrumented_scheduler._kvwarm_start_stage[0m[2m:[0m KVWARM: stage build batch=320 depth=4224
[2m2026-08-18T19:54:02.390449Z[0m [32m INFO[0m [2minstrumented_scheduler._kvwarm_monitor_build[0m[2m:[0m KVWARM: stage ready batch=320 (1.0s)
[2m2026-08-18T19:54:02.616170Z[0m [32m INFO[0m [2minstrumented_scheduler._bench_step_decode[0m[2m:[0m Benchmark decode: total_kv_reads=1048576 batch_size=320
[2m2026-08-18T19:54:03.034948Z[0m [32m INFO[0m [2minstrumented_scheduler._bench_step_decode[0m[2m:[0m Benchmark decode: total_kv_reads=524288 batch_size=320
[2m2026-08-18T19:54:03.334034Z[0m [32m INFO[0m [2minstrumented_scheduler._bench_step_decode[0m[2m:[0m Benchmark decode: total_kv_reads=262144 batch_size=320
[2m2026-08-18T19:54:03.583766Z[0m [32m INFO[0m [2minstrumented_scheduler._bench_step_decode[0m[2m:[0m Benchmark decode: total_kv_reads=131072 batch_size=320
[2m2026-08-18T19:54:03.809788Z[0m [32m INFO[0m [2minstrumented_scheduler._bench_step_decode[0m[2m:[0m Benchmark decode: total_kv_reads=65536 batch_size=320
[2m2026-08-18T19:54:04.023452Z[0m [32m INFO[0m [2minstrumented_scheduler._bench_step_decode[0m[2m:[0m Benchmark decode: total_kv_reads=32768 batch_size=320
[2m2026-08-18T19:54:04.228853Z[0m [32m INFO[0m [2minstrumented_scheduler._bench_step_decode[0m[2m:[0m Benchmark decode: total_kv_reads=16384 batch_size=320
[2m2026-08-18T19:54:04.429883Z[0m [32m INFO[0m [2minstrumented_scheduler._bench_step_decode[0m[2m:[0m Benchmark decode: total_kv_reads=8192 batch_size=320
[2m2026-08-18T19:54:05.416623Z[0m [32m INFO[0m [2minstrumented_scheduler._bench_step_decode[0m[2m:[0m Benchmark decode: total_kv_reads=4096 batch_size=320
[2m2026-08-18T19:54:05.615060Z[0m [32m INFO[0m [2minstrumented_scheduler._bench_step_decode[0m[2m:[0m Benchmark decode: total_kv_reads=2048 batch_size=320
[2m2026-08-18T19:54:05.812526Z[0m [32m INFO[0m [2minstrumented_scheduler._bench_step_decode[0m[2m:[0m Benchmark decode: total_kv_reads=1024 batch_size=320
[2m2026-08-18T19:54:06.009488Z[0m [32m INFO[0m [2minstrumented_scheduler._bench_step_decode[0m[2m:[0m Benchmark decode: total_kv_reads=640 batch_size=320
[2m2026-08-18T19:54:06.205243Z[0m [32m INFO[0m [2minstrumented_scheduler._bench_step_decode[0m[2m:[0m Benchmark decode: total_kv_reads=640 batch_size=320
[2m2026-08-18T19:54:06.635147Z[0m [32m INFO[0m [2minstrumented_scheduler._kvwarm_start_stage[0m[2m:[0m KVWARM: stage build batch=305 depth=4480
[2m2026-08-18T19:54:59.942093Z[0m [32m INFO[0m [2minstrumented_scheduler._kvwarm_monitor_build[0m[2m:[0m KVWARM: stage ready batch=305 (53.5s)
[2m2026-08-18T19:55:00.294294Z[0m [32m INFO[0m [2minstrumented_scheduler._bench_step_decode[0m[2m:[0m Benchmark decode: total_kv_reads=1048576 batch_size=305
[2m2026-08-18T19:55:00.748491Z[0m [32m INFO[0m [2minstrumented_scheduler._bench_step_decode[0m[2m:[0m Benchmark decode: total_kv_reads=524288 batch_size=305
[2m2026-08-18T19:55:01.051752Z[0m [32m INFO[0m [2minstrumented_scheduler._bench_step_decode[0m[2m:[0m Benchmark decode: total_kv_reads=262144 batch_size=305
[2m2026-08-18T19:55:01.302477Z[0m [32m INFO[0m [2minstrumented_scheduler._bench_step_decode[0m[2m:[0m Benchmark decode: total_kv_reads=131072 batch_size=305
[2m2026-08-18T19:55:01.528444Z[0m [32m INFO[0m [2minstrumented_scheduler._bench_step_decode[0m[2m:[0m Benchmark decode: total_kv_reads=65536 batch_size=305
[2m2026-08-18T19:55:01.740106Z[0m [32m INFO[0m [2minstrumented_scheduler._bench_step_decode[0m[2m:[0m Benchmark decode: total_kv_reads=32768 batch_size=305
[2m2026-08-18T19:55:01.944497Z[0m [32m INFO[0m [2minstrumented_scheduler._bench_step_decode[0m[2m:[0m Benchmark decode: total_kv_reads=16384 batch_size=305
[2m2026-08-18T19:55:03.283342Z[0m [32m INFO[0m [2minstrumented_scheduler._bench_step_decode[0m[2m:[0m Benchmark decode: total_kv_reads=8192 batch_size=305
[2m2026-08-18T19:55:03.483056Z[0m [32m INFO[0m [2minstrumented_scheduler._bench_step_decode[0m[2m:[0m Benchmark decode: total_kv_reads=4096 batch_size=305
[2m2026-08-18T19:55:03.680797Z[0m [32m INFO[0m [2minstrumented_scheduler._bench_step_decode[0m[2m:[0m Benchmark decode: total_kv_reads=2048 batch_size=305
[2m2026-08-18T19:55:03.877795Z[0m [32m INFO[0m [2minstrumented_scheduler._bench_step_decode[0m[2m:[0m Benchmark decode: total_kv_reads=1024 batch_size=305
[2m2026-08-18T19:55:04.074177Z[0m [32m INFO[0m [2minstrumented_scheduler._bench_step_decode[0m[2m:[0m Benchmark decode: total_kv_reads=610 batch_size=305
[2m2026-08-18T19:55:04.269718Z[0m [32m INFO[0m [2minstrumented_scheduler._bench_step_decode[0m[2m:[0m Benchmark decode: total_kv_reads=610 batch_size=305
[2m2026-08-18T19:55:04.551465Z[0m [32m INFO[0m [2minstrumented_scheduler._kvwarm_start_stage[0m[2m:[0m KVWARM: stage build batch=304 depth=4480
[2m2026-08-18T19:55:05.486014Z[0m [32m INFO[0m [2minstrumented_scheduler._kvwarm_monitor_build[0m[2m:[0m KVWARM: stage ready batch=304 (1.0s)
[2m2026-08-18T19:55:05.665604Z[0m [32m INFO[0m [2minstrumented_scheduler._bench_step_decode[0m[2m:[0m Benchmark decode: total_kv_reads=1048576 batch_size=304
[2m2026-08-18T19:55:06.075414Z[0m [32m INFO[0m [2minstrumented_scheduler._bench_step_decode[0m[2m:[0m Benchmark decode: total_kv_reads=524288 batch_size=304
[2m2026-08-18T19:55:06.374592Z[0m [32m INFO[0m [2minstrumented_scheduler._bench_step_decode[0m[2m:[0m Benchmark decode: total_kv_reads=262144 batch_size=304
[2m2026-08-18T19:55:06.621764Z[0m [32m INFO[0m [2minstrumented_scheduler._bench_step_decode[0m[2m:[0m Benchmark decode: total_kv_reads=131072 batch_size=304
[2m2026-08-18T19:55:06.844420Z[0m [32m INFO[0m [2minstrumented_scheduler._bench_step_decode[0m[2m:[0m Benchmark decode: total_kv_reads=65536 batch_size=304
[2m2026-08-18T19:55:07.055151Z[0m [32m INFO[0m [2minstrumented_scheduler._bench_step_decode[0m[2m:[0m Benchmark decode: total_kv_reads=32768 batch_size=304
[2m2026-08-18T19:55:07.257208Z[0m [32m INFO[0m [2minstrumented_scheduler._bench_step_decode[0m[2m:[0m Benchmark decode: total_kv_reads=16384 batch_size=304
[2m2026-08-18T19:55:08.222406Z[0m [32m INFO[0m [2minstrumented_scheduler._bench_step_decode[0m[2m:[0m Benchmark decode: total_kv_reads=8192 batch_size=304
[2m2026-08-18T19:55:08.419355Z[0m [32m INFO[0m [2minstrumented_scheduler._bench_step_decode[0m[2m:[0m Benchmark decode: total_kv_reads=4096 batch_size=304
[2m2026-08-18T19:55:08.615091Z[0m [32m INFO[0m [2minstrumented_scheduler._bench_step_decode[0m[2m:[0m Benchmark decode: total_kv_reads=2048 batch_size=304
[2m2026-08-18T19:55:08.809901Z[0m [32m INFO[0m [2minstrumented_scheduler._bench_step_decode[0m[2m:[0m Benchmark decode: total_kv_reads=1024 batch_size=304
[2m2026-08-18T19:55:09.004075Z[0m [32m INFO[0m [2minstrumented_scheduler._bench_step_decode[0m[2m:[0m Benchmark decode: total_kv_reads=608 batch_size=304
[2m2026-08-18T19:55:09.196963Z[0m [32m INFO[0m [2minstrumented_scheduler._bench_step_decode[0m[2m:[0m Benchmark decode: total_kv_reads=608 batch_size=304
[2m2026-08-18T19:55:09.589800Z[0m [32m INFO[0m [2minstrumented_scheduler._kvwarm_start_stage[0m[2m:[0m KVWARM: stage build batch=289 depth=4672
[2m2026-08-18T19:56:06.355706Z[0m [32m INFO[0m [2minstrumented_scheduler._kvwarm_monitor_build[0m[2m:[0m KVWARM: stage ready batch=289 (57.0s)
[2m2026-08-18T19:56:06.522126Z[0m [32m INFO[0m [2minstrumented_scheduler._bench_step_decode[0m[2m:[0m Benchmark decode: total_kv_reads=1048576 batch_size=289
[2m2026-08-18T19:56:06.940031Z[0m [32m INFO[0m [2minstrumented_scheduler._bench_step_decode[0m[2m:[0m Benchmark decode: total_kv_reads=524288 batch_size=289
[2m2026-08-18T19:56:07.234373Z[0m [32m INFO[0m [2minstrumented_scheduler._bench_step_decode[0m[2m:[0m Benchmark decode: total_kv_reads=262144 batch_size=289
[2m2026-08-18T19:56:07.480756Z[0m [32m INFO[0m [2minstrumented_scheduler._bench_step_decode[0m[2m:[0m Benchmark decode: total_kv_reads=131072 batch_size=289
[2m2026-08-18T19:56:07.702648Z[0m [32m INFO[0m [2minstrumented_scheduler._bench_step_decode[0m[2m:[0m Benchmark decode: total_kv_reads=65536 batch_size=289
[2m2026-08-18T19:56:07.911505Z[0m [32m INFO[0m [2minstrumented_scheduler._bench_step_decode[0m[2m:[0m Benchmark decode: total_kv_reads=32768 batch_size=289
[2m2026-08-18T19:56:08.113261Z[0m [32m INFO[0m [2minstrumented_scheduler._bench_step_decode[0m[2m:[0m Benchmark decode: total_kv_reads=16384 batch_size=289
[2m2026-08-18T19:56:09.435497Z[0m [32m INFO[0m [2minstrumented_scheduler._bench_step_decode[0m[2m:[0m Benchmark decode: total_kv_reads=8192 batch_size=289
[2m2026-08-18T19:56:09.632695Z[0m [32m INFO[0m [2minstrumented_scheduler._bench_step_decode[0m[2m:[0m Benchmark decode: total_kv_reads=4096 batch_size=289
[2m2026-08-18T19:56:09.828279Z[0m [32m INFO[0m [2minstrumented_scheduler._bench_step_decode[0m[2m:[0m Benchmark decode: total_kv_reads=2048 batch_size=289
[2m2026-08-18T19:56:10.022674Z[0m [32m INFO[0m [2minstrumented_scheduler._bench_step_decode[0m[2m:[0m Benchmark decode: total_kv_reads=1024 batch_size=289
[2m2026-08-18T19:56:10.216628Z[0m [32m INFO[0m [2minstrumented_scheduler._bench_step_decode[0m[2m:[0m Benchmark decode: total_kv_reads=578 batch_size=289
[2m2026-08-18T19:56:10.409115Z[0m [32m INFO[0m [2minstrumented_scheduler._bench_step_decode[0m[2m:[0m Benchmark decode: total_kv_reads=578 batch_size=289
[2m2026-08-18T19:56:10.722216Z[0m [32m INFO[0m [2minstrumented_scheduler._kvwarm_start_stage[0m[2m:[0m KVWARM: stage build batch=288 depth=4736
[2m2026-08-18T19:56:14.538921Z[0m [32m INFO[0m [2minstrumented_scheduler._kvwarm_monitor_build[0m[2m:[0m KVWARM: stage ready batch=288 (3.9s)
[2m2026-08-18T19:56:14.747134Z[0m [32m INFO[0m [2minstrumented_scheduler._bench_step_decode[0m[2m:[0m Benchmark decode: total_kv_reads=1048576 batch_size=288
[2m2026-08-18T19:56:15.173501Z[0m [32m INFO[0m [2minstrumented_scheduler._bench_step_decode[0m[2m:[0m Benchmark decode: total_kv_reads=524288 batch_size=288
[2m2026-08-18T19:56:15.466147Z[0m [32m INFO[0m [2minstrumented_scheduler._bench_step_decode[0m[2m:[0m Benchmark decode: total_kv_reads=262144 batch_size=288
[2m2026-08-18T19:56:15.708312Z[0m [32m INFO[0m [2minstrumented_scheduler._bench_step_decode[0m[2m:[0m Benchmark decode: total_kv_reads=131072 batch_size=288
[2m2026-08-18T19:56:15.924932Z[0m [32m INFO[0m [2minstrumented_scheduler._bench_step_decode[0m[2m:[0m Benchmark decode: total_kv_reads=65536 batch_size=288
[2m2026-08-18T19:56:16.129696Z[0m [32m INFO[0m [2minstrumented_scheduler._bench_step_decode[0m[2m:[0m Benchmark decode: total_kv_reads=32768 batch_size=288
[2m2026-08-18T19:56:16.327439Z[0m [32m INFO[0m [2minstrumented_scheduler._bench_step_decode[0m[2m:[0m Benchmark decode: total_kv_reads=16384 batch_size=288
[2m2026-08-18T19:56:16.520455Z[0m [32m INFO[0m [2minstrumented_scheduler._bench_step_decode[0m[2m:[0m Benchmark decode: total_kv_reads=8192 batch_size=288
[2m2026-08-18T19:56:17.550650Z[0m [32m INFO[0m [2minstrumented_scheduler._bench_step_decode[0m[2m:[0m Benchmark decode: total_kv_reads=4096 batch_size=288
[2m2026-08-18T19:56:17.741796Z[0m [32m INFO[0m [2minstrumented_scheduler._bench_step_decode[0m[2m:[0m Benchmark decode: total_kv_reads=2048 batch_size=288
[2m2026-08-18T19:56:17.931861Z[0m [32m INFO[0m [2minstrumented_scheduler._bench_step_decode[0m[2m:[0m Benchmark decode: total_kv_reads=1024 batch_size=288
[2m2026-08-18T19:56:18.121461Z[0m [32m INFO[0m [2minstrumented_scheduler._bench_step_decode[0m[2m:[0m Benchmark decode: total_kv_reads=576 batch_size=288
[2m2026-08-18T19:56:18.309695Z[0m [32m INFO[0m [2minstrumented_scheduler._bench_step_decode[0m[2m:[0m Benchmark decode: total_kv_reads=576 batch_size=288
[2m2026-08-18T19:56:18.700526Z[0m [32m INFO[0m [2minstrumented_scheduler._kvwarm_start_stage[0m[2m:[0m KVWARM: stage build batch=273 depth=4992
[2m2026-08-18T19:57:19.637812Z[0m [32m INFO[0m [2minstrumented_scheduler._kvwarm_monitor_build[0m[2m:[0m KVWARM: stage ready batch=273 (61.1s)
[2m2026-08-18T19:57:19.814743Z[0m [32m INFO[0m [2minstrumented_scheduler._bench_step_decode[0m[2m:[0m Benchmark decode: total_kv_reads=1048576 batch_size=273
[2m2026-08-18T19:57:20.228806Z[0m [32m INFO[0m [2minstrumented_scheduler._bench_step_decode[0m[2m:[0m Benchmark decode: total_kv_reads=524288 batch_size=273
[2m2026-08-18T19:57:20.522886Z[0m [32m INFO[0m [2minstrumented_scheduler._bench_step_decode[0m[2m:[0m Benchmark decode: total_kv_reads=262144 batch_size=273
[2m2026-08-18T19:57:20.763407Z[0m [32m INFO[0m [2minstrumented_scheduler._bench_step_decode[0m[2m:[0m Benchmark decode: total_kv_reads=131072 batch_size=273
[2m2026-08-18T19:57:20.981344Z[0m [32m INFO[0m [2minstrumented_scheduler._bench_step_decode[0m[2m:[0m Benchmark decode: total_kv_reads=65536 batch_size=273
[2m2026-08-18T19:57:21.184559Z[0m [32m INFO[0m [2minstrumented_scheduler._bench_step_decode[0m[2m:[0m Benchmark decode: total_kv_reads=32768 batch_size=273
[2m2026-08-18T19:57:21.381336Z[0m [32m INFO[0m [2minstrumented_scheduler._bench_step_decode[0m[2m:[0m Benchmark decode: total_kv_reads=16384 batch_size=273
[2m2026-08-18T19:57:21.575015Z[0m [32m INFO[0m [2minstrumented_scheduler._bench_step_decode[0m[2m:[0m Benchmark decode: total_kv_reads=8192 batch_size=273
[2m2026-08-18T19:57:21.766249Z[0m [32m INFO[0m [2minstrumented_scheduler._bench_step_decode[0m[2m:[0m Benchmark decode: total_kv_reads=4096 batch_size=273
[2m2026-08-18T19:57:23.078745Z[0m [32m INFO[0m [2minstrumented_scheduler._bench_step_decode[0m[2m:[0m Benchmark decode: total_kv_reads=2048 batch_size=273
[2m2026-08-18T19:57:23.269699Z[0m [32m INFO[0m [2minstrumented_scheduler._bench_step_decode[0m[2m:[0m Benchmark decode: total_kv_reads=1024 batch_size=273
[2m2026-08-18T19:57:23.458973Z[0m [32m INFO[0m [2minstrumented_scheduler._bench_step_decode[0m[2m:[0m Benchmark decode: total_kv_reads=546 batch_size=273
[2m2026-08-18T19:57:23.646426Z[0m [32m INFO[0m [2minstrumented_scheduler._bench_step_decode[0m[2m:[0m Benchmark decode: total_kv_reads=546 batch_size=273
[2m2026-08-18T19:57:23.924881Z[0m [32m INFO[0m [2minstrumented_scheduler._kvwarm_start_stage[0m[2m:[0m KVWARM: stage build batch=272 depth=4992
[2m2026-08-18T19:57:24.857721Z[0m [32m INFO[0m [2minstrumented_scheduler._kvwarm_monitor_build[0m[2m:[0m KVWARM: stage ready batch=272 (1.0s)
[2m2026-08-18T19:57:24.978202Z[0m [32m INFO[0m [2minstrumented_scheduler._bench_step_decode[0m[2m:[0m Benchmark decode: total_kv_reads=1048576 batch_size=272
[2m2026-08-18T19:57:25.370919Z[0m [32m INFO[0m [2minstrumented_scheduler._bench_step_decode[0m[2m:[0m Benchmark decode: total_kv_reads=524288 batch_size=272
[2m2026-08-18T19:57:25.658114Z[0m [32m INFO[0m [2minstrumented_scheduler._bench_step_decode[0m[2m:[0m Benchmark decode: total_kv_reads=262144 batch_size=272
[2m2026-08-18T19:57:25.896871Z[0m [32m INFO[0m [2minstrumented_scheduler._bench_step_decode[0m[2m:[0m Benchmark decode: total_kv_reads=131072 batch_size=272
[2m2026-08-18T19:57:26.112391Z[0m [32m INFO[0m [2minstrumented_scheduler._bench_step_decode[0m[2m:[0m Benchmark decode: total_kv_reads=65536 batch_size=272
[2m2026-08-18T19:57:26.314411Z[0m [32m INFO[0m [2minstrumented_scheduler._bench_step_decode[0m[2m:[0m Benchmark decode: total_kv_reads=32768 batch_size=272
[2m2026-08-18T19:57:26.509629Z[0m [32m INFO[0m [2minstrumented_scheduler._bench_step_decode[0m[2m:[0m Benchmark decode: total_kv_reads=16384 batch_size=272
[2m2026-08-18T19:57:26.705399Z[0m [32m INFO[0m [2minstrumented_scheduler._bench_step_decode[0m[2m:[0m Benchmark decode: total_kv_reads=8192 batch_size=272
[2m2026-08-18T19:57:26.895841Z[0m [32m INFO[0m [2minstrumented_scheduler._bench_step_decode[0m[2m:[0m Benchmark decode: total_kv_reads=4096 batch_size=272
[2m2026-08-18T19:57:27.084438Z[0m [32m INFO[0m [2minstrumented_scheduler._bench_step_decode[0m[2m:[0m Benchmark decode: total_kv_reads=2048 batch_size=272
[2m2026-08-18T19:57:28.064542Z[0m [32m INFO[0m [2minstrumented_scheduler._bench_step_decode[0m[2m:[0m Benchmark decode: total_kv_reads=1024 batch_size=272
[2m2026-08-18T19:57:28.252790Z[0m [32m INFO[0m [2minstrumented_scheduler._bench_step_decode[0m[2m:[0m Benchmark decode: total_kv_reads=544 batch_size=272
[2m2026-08-18T19:57:28.438666Z[0m [32m INFO[0m [2minstrumented_scheduler._bench_step_decode[0m[2m:[0m Benchmark decode: total_kv_reads=544 batch_size=272
[2m2026-08-18T19:57:28.859160Z[0m [32m INFO[0m [2minstrumented_scheduler._kvwarm_start_stage[0m[2m:[0m KVWARM: stage build batch=257 depth=5312
[2m2026-08-18T19:58:26.092664Z[0m [32m INFO[0m [2minstrumented_scheduler._kvwarm_monitor_build[0m[2m:[0m KVWARM: stage ready batch=257 (57.5s)
[2m2026-08-18T19:58:26.323804Z[0m [32m INFO[0m [2minstrumented_scheduler._bench_step_decode[0m[2m:[0m Benchmark decode: total_kv_reads=1048576 batch_size=257
[2m2026-08-18T19:58:26.741563Z[0m [32m INFO[0m [2minstrumented_scheduler._bench_step_decode[0m[2m:[0m Benchmark decode: total_kv_reads=524288 batch_size=257
[2m2026-08-18T19:58:27.031653Z[0m [32m INFO[0m [2minstrumented_scheduler._bench_step_decode[0m[2m:[0m Benchmark decode: total_kv_reads=262144 batch_size=257
[2m2026-08-18T19:58:27.272489Z[0m [32m INFO[0m [2minstrumented_scheduler._bench_step_decode[0m[2m:[0m Benchmark decode: total_kv_reads=131072 batch_size=257
[2m2026-08-18T19:58:27.486687Z[0m [32m INFO[0m [2minstrumented_scheduler._bench_step_decode[0m[2m:[0m Benchmark decode: total_kv_reads=65536 batch_size=257
[2m2026-08-18T19:58:27.689110Z[0m [32m INFO[0m [2minstrumented_scheduler._bench_step_decode[0m[2m:[0m Benchmark decode: total_kv_reads=32768 batch_size=257
[2m2026-08-18T19:58:27.886446Z[0m [32m INFO[0m [2minstrumented_scheduler._bench_step_decode[0m[2m:[0m Benchmark decode: total_kv_reads=16384 batch_size=257
[2m2026-08-18T19:58:28.078127Z[0m [32m INFO[0m [2minstrumented_scheduler._bench_step_decode[0m[2m:[0m Benchmark decode: total_kv_reads=8192 batch_size=257
[2m2026-08-18T19:58:28.267683Z[0m [32m INFO[0m [2minstrumented_scheduler._bench_step_decode[0m[2m:[0m Benchmark decode: total_kv_reads=4096 batch_size=257
[2m2026-08-18T19:58:28.456437Z[0m [32m INFO[0m [2minstrumented_scheduler._bench_step_decode[0m[2m:[0m Benchmark decode: total_kv_reads=2048 batch_size=257
[2m2026-08-18T19:58:28.644287Z[0m [32m INFO[0m [2minstrumented_scheduler._bench_step_decode[0m[2m:[0m Benchmark decode: total_kv_reads=1024 batch_size=257
[2m2026-08-18T19:58:28.831175Z[0m [32m INFO[0m [2minstrumented_scheduler._bench_step_decode[0m[2m:[0m Benchmark decode: total_kv_reads=514 batch_size=257
[2m2026-08-18T19:58:30.143153Z[0m [32m INFO[0m [2minstrumented_scheduler._bench_step_decode[0m[2m:[0m Benchmark decode: total_kv_reads=514 batch_size=257
[2m2026-08-18T19:58:30.413257Z[0m [32m INFO[0m [2minstrumented_scheduler._kvwarm_start_stage[0m[2m:[0m KVWARM: stage build batch=256 depth=5312
[2m2026-08-18T19:58:30.922542Z[0m [32m INFO[0m [2minstrumented_scheduler._kvwarm_monitor_build[0m[2m:[0m KVWARM: stage ready batch=256 (0.6s)
[2m2026-08-18T19:58:31.349736Z[0m [32m INFO[0m [2minstrumented_scheduler._bench_step_decode[0m[2m:[0m Benchmark decode: total_kv_reads=1048576 batch_size=256
[2m2026-08-18T19:58:31.764919Z[0m [32m INFO[0m [2minstrumented_scheduler._bench_step_decode[0m[2m:[0m Benchmark decode: total_kv_reads=524288 batch_size=256
[2m2026-08-18T19:58:32.055847Z[0m [32m INFO[0m [2minstrumented_scheduler._bench_step_decode[0m[2m:[0m Benchmark decode: total_kv_reads=262144 batch_size=256
[2m2026-08-18T19:58:32.300108Z[0m [32m INFO[0m [2minstrumented_scheduler._bench_step_decode[0m[2m:[0m Benchmark decode: total_kv_reads=131072 batch_size=256
[2m2026-08-18T19:58:32.521876Z[0m [32m INFO[0m [2minstrumented_scheduler._bench_step_decode[0m[2m:[0m Benchmark decode: total_kv_reads=65536 batch_size=256
[2m2026-08-18T19:58:32.729823Z[0m [32m INFO[0m [2minstrumented_scheduler._bench_step_decode[0m[2m:[0m Benchmark decode: total_kv_reads=32768 batch_size=256
[2m2026-08-18T19:58:32.932069Z[0m [32m INFO[0m [2minstrumented_scheduler._bench_step_decode[0m[2m:[0m Benchmark decode: total_kv_reads=16384 batch_size=256
[2m2026-08-18T19:58:33.129814Z[0m [32m INFO[0m [2minstrumented_scheduler._bench_step_decode[0m[2m:[0m Benchmark decode: total_kv_reads=8192 batch_size=256
[2m2026-08-18T19:58:33.324962Z[0m [32m INFO[0m [2minstrumented_scheduler._bench_step_decode[0m[2m:[0m Benchmark decode: total_kv_reads=4096 batch_size=256
[2m2026-08-18T19:58:33.518940Z[0m [32m INFO[0m [2minstrumented_scheduler._bench_step_decode[0m[2m:[0m Benchmark decode: total_kv_reads=2048 batch_size=256
[2m2026-08-18T19:58:33.712141Z[0m [32m INFO[0m [2minstrumented_scheduler._bench_step_decode[0m[2m:[0m Benchmark decode: total_kv_reads=1024 batch_size=256
[2m2026-08-18T19:58:33.903977Z[0m [32m INFO[0m [2minstrumented_scheduler._bench_step_decode[0m[2m:[0m Benchmark decode: total_kv_reads=512 batch_size=256
[2m2026-08-18T19:58:34.093569Z[0m [32m INFO[0m [2minstrumented_scheduler._bench_step_decode[0m[2m:[0m Benchmark decode: total_kv_reads=512 batch_size=256
[2m2026-08-18T19:58:34.438375Z[0m [32m INFO[0m [2minstrumented_scheduler._kvwarm_start_stage[0m[2m:[0m KVWARM: stage build batch=249 depth=5440
[2m2026-08-18T19:59:20.797031Z[0m [32m INFO[0m [2minstrumented_scheduler._kvwarm_monitor_build[0m[2m:[0m KVWARM: stage ready batch=249 (46.5s)
[2m2026-08-18T19:59:21.037151Z[0m [32m INFO[0m [2minstrumented_scheduler._bench_step_decode[0m[2m:[0m Benchmark decode: total_kv_reads=1048576 batch_size=249
[2m2026-08-18T19:59:22.574990Z[0m [32m INFO[0m [2minstrumented_scheduler._bench_step_decode[0m[2m:[0m Benchmark decode: total_kv_reads=524288 batch_size=249
[2m2026-08-18T19:59:22.872307Z[0m [32m INFO[0m [2minstrumented_scheduler._bench_step_decode[0m[2m:[0m Benchmark decode: total_kv_reads=262144 batch_size=249
[2m2026-08-18T19:59:23.116266Z[0m [32m INFO[0m [2minstrumented_scheduler._bench_step_decode[0m[2m:[0m Benchmark decode: total_kv_reads=131072 batch_size=249
[2m2026-08-18T19:59:23.337784Z[0m [32m INFO[0m [2minstrumented_scheduler._bench_step_decode[0m[2m:[0m Benchmark decode: total_kv_reads=65536 batch_size=249
[2m2026-08-18T19:59:23.547710Z[0m [32m INFO[0m [2minstrumented_scheduler._bench_step_decode[0m[2m:[0m Benchmark decode: total_kv_reads=32768 batch_size=249
[2m2026-08-18T19:59:23.750837Z[0m [32m INFO[0m [2minstrumented_scheduler._bench_step_decode[0m[2m:[0m Benchmark decode: total_kv_reads=16384 batch_size=249
[2m2026-08-18T19:59:23.948372Z[0m [32m INFO[0m [2minstrumented_scheduler._bench_step_decode[0m[2m:[0m Benchmark decode: total_kv_reads=8192 batch_size=249
[2m2026-08-18T19:59:24.143180Z[0m [32m INFO[0m [2minstrumented_scheduler._bench_step_decode[0m[2m:[0m Benchmark decode: total_kv_reads=4096 batch_size=249
[2m2026-08-18T19:59:24.337749Z[0m [32m INFO[0m [2minstrumented_scheduler._bench_step_decode[0m[2m:[0m Benchmark decode: total_kv_reads=2048 batch_size=249
[2m2026-08-18T19:59:24.531109Z[0m [32m INFO[0m [2minstrumented_scheduler._bench_step_decode[0m[2m:[0m Benchmark decode: total_kv_reads=1024 batch_size=249
[2m2026-08-18T19:59:24.723949Z[0m [32m INFO[0m [2minstrumented_scheduler._bench_step_decode[0m[2m:[0m Benchmark decode: total_kv_reads=512 batch_size=249
[2m2026-08-18T19:59:24.914959Z[0m [32m INFO[0m [2minstrumented_scheduler._bench_step_decode[0m[2m:[0m Benchmark decode: total_kv_reads=498 batch_size=249
[2m2026-08-18T19:59:25.105618Z[0m [32m INFO[0m [2minstrumented_scheduler._bench_step_decode[0m[2m:[0m Benchmark decode: total_kv_reads=498 batch_size=249
[2m2026-08-18T19:59:25.408107Z[0m [32m INFO[0m [2minstrumented_scheduler._kvwarm_start_stage[0m[2m:[0m KVWARM: stage build batch=248 depth=5504
[2m2026-08-18T19:59:31.385339Z[0m [32m INFO[0m [2minstrumented_scheduler._kvwarm_monitor_build[0m[2m:[0m KVWARM: stage ready batch=248 (6.1s)
[2m2026-08-18T19:59:31.579107Z[0m [32m INFO[0m [2minstrumented_scheduler._bench_step_decode[0m[2m:[0m Benchmark decode: total_kv_reads=1048576 batch_size=248
[2m2026-08-18T19:59:31.973940Z[0m [32m INFO[0m [2minstrumented_scheduler._bench_step_decode[0m[2m:[0m Benchmark decode: total_kv_reads=524288 batch_size=248
[2m2026-08-18T19:59:33.025943Z[0m [32m INFO[0m [2minstrumented_scheduler._bench_step_decode[0m[2m:[0m Benchmark decode: total_kv_reads=262144 batch_size=248
[2m2026-08-18T19:59:33.268398Z[0m [32m INFO[0m [2minstrumented_scheduler._bench_step_decode[0m[2m:[0m Benchmark decode: total_kv_reads=131072 batch_size=248
[2m2026-08-18T19:59:33.486573Z[0m [32m INFO[0m [2minstrumented_scheduler._bench_step_decode[0m[2m:[0m Benchmark decode: total_kv_reads=65536 batch_size=248
[2m2026-08-18T19:59:33.692369Z[0m [32m INFO[0m [2minstrumented_scheduler._bench_step_decode[0m[2m:[0m Benchmark decode: total_kv_reads=32768 batch_size=248
[2m2026-08-18T19:59:33.894135Z[0m [32m INFO[0m [2minstrumented_scheduler._bench_step_decode[0m[2m:[0m Benchmark decode: total_kv_reads=16384 batch_size=248
[2m2026-08-18T19:59:34.089129Z[0m [32m INFO[0m [2minstrumented_scheduler._bench_step_decode[0m[2m:[0m Benchmark decode: total_kv_reads=8192 batch_size=248
[2m2026-08-18T19:59:34.281797Z[0m [32m INFO[0m [2minstrumented_scheduler._bench_step_decode[0m[2m:[0m Benchmark decode: total_kv_reads=4096 batch_size=248
[2m2026-08-18T19:59:34.473255Z[0m [32m INFO[0m [2minstrumented_scheduler._bench_step_decode[0m[2m:[0m Benchmark decode: total_kv_reads=2048 batch_size=248
[2m2026-08-18T19:59:34.663531Z[0m [32m INFO[0m [2minstrumented_scheduler._bench_step_decode[0m[2m:[0m Benchmark decode: total_kv_reads=1024 batch_size=248
[2m2026-08-18T19:59:34.853378Z[0m [32m INFO[0m [2minstrumented_scheduler._bench_step_decode[0m[2m:[0m Benchmark decode: total_kv_reads=512 batch_size=248
[2m2026-08-18T19:59:35.042364Z[0m [32m INFO[0m [2minstrumented_scheduler._bench_step_decode[0m[2m:[0m Benchmark decode: total_kv_reads=496 batch_size=248
[2m2026-08-18T19:59:35.230296Z[0m [32m INFO[0m [2minstrumented_scheduler._bench_step_decode[0m[2m:[0m Benchmark decode: total_kv_reads=496 batch_size=248
[2m2026-08-18T19:59:35.582962Z[0m [32m INFO[0m [2minstrumented_scheduler._kvwarm_start_stage[0m[2m:[0m KVWARM: stage build batch=241 depth=5632
[2m2026-08-18T20:00:31.964807Z[0m [32m INFO[0m [2minstrumented_scheduler._kvwarm_monitor_build[0m[2m:[0m KVWARM: stage ready batch=241 (56.5s)
[2m2026-08-18T20:00:32.189936Z[0m [32m INFO[0m [2minstrumented_scheduler._bench_step_decode[0m[2m:[0m Benchmark decode: total_kv_reads=1048576 batch_size=241
[2m2026-08-18T20:00:32.618284Z[0m [32m INFO[0m [2minstrumented_scheduler._bench_step_decode[0m[2m:[0m Benchmark decode: total_kv_reads=524288 batch_size=241
[2m2026-08-18T20:00:32.914756Z[0m [32m INFO[0m [2minstrumented_scheduler._bench_step_decode[0m[2m:[0m Benchmark decode: total_kv_reads=262144 batch_size=241
[2m2026-08-18T20:00:33.156844Z[0m [32m INFO[0m [2minstrumented_scheduler._bench_step_decode[0m[2m:[0m Benchmark decode: total_kv_reads=131072 batch_size=241
[2m2026-08-18T20:00:34.488523Z[0m [32m INFO[0m [2minstrumented_scheduler._bench_step_decode[0m[2m:[0m Benchmark decode: total_kv_reads=65536 batch_size=241
[2m2026-08-18T20:00:34.695814Z[0m [32m INFO[0m [2minstrumented_scheduler._bench_step_decode[0m[2m:[0m Benchmark decode: total_kv_reads=32768 batch_size=241
[2m2026-08-18T20:00:34.895929Z[0m [32m INFO[0m [2minstrumented_scheduler._bench_step_decode[0m[2m:[0m Benchmark decode: total_kv_reads=16384 batch_size=241
[2m2026-08-18T20:00:35.091671Z[0m [32m INFO[0m [2minstrumented_scheduler._bench_step_decode[0m[2m:[0m Benchmark decode: total_kv_reads=8192 batch_size=241
[2m2026-08-18T20:00:35.284728Z[0m [32m INFO[0m [2minstrumented_scheduler._bench_step_decode[0m[2m:[0m Benchmark decode: total_kv_reads=4096 batch_size=241
[2m2026-08-18T20:00:35.476563Z[0m [32m INFO[0m [2minstrumented_scheduler._bench_step_decode[0m[2m:[0m Benchmark decode: total_kv_reads=2048 batch_size=241
[2m2026-08-18T20:00:35.667298Z[0m [32m INFO[0m [2minstrumented_scheduler._bench_step_decode[0m[2m:[0m Benchmark decode: total_kv_reads=1024 batch_size=241
[2m2026-08-18T20:00:35.857733Z[0m [32m INFO[0m [2minstrumented_scheduler._bench_step_decode[0m[2m:[0m Benchmark decode: total_kv_reads=512 batch_size=241
[2m2026-08-18T20:00:36.046242Z[0m [32m INFO[0m [2minstrumented_scheduler._bench_step_decode[0m[2m:[0m Benchmark decode: total_kv_reads=482 batch_size=241
[2m2026-08-18T20:00:36.234837Z[0m [32m INFO[0m [2minstrumented_scheduler._bench_step_decode[0m[2m:[0m Benchmark decode: total_kv_reads=482 batch_size=241
[2m2026-08-18T20:00:36.507432Z[0m [32m INFO[0m [2minstrumented_scheduler._kvwarm_start_stage[0m[2m:[0m KVWARM: stage build batch=240 depth=5632
[2m2026-08-18T20:00:37.019384Z[0m [32m INFO[0m [2minstrumented_scheduler._kvwarm_monitor_build[0m[2m:[0m KVWARM: stage ready batch=240 (0.6s)
[2m2026-08-18T20:00:37.399815Z[0m [32m INFO[0m [2minstrumented_scheduler._bench_step_decode[0m[2m:[0m Benchmark decode: total_kv_reads=1048576 batch_size=240
[2m2026-08-18T20:00:37.801281Z[0m [32m INFO[0m [2minstrumented_scheduler._bench_step_decode[0m[2m:[0m Benchmark decode: total_kv_reads=524288 batch_size=240
[2m2026-08-18T20:00:38.089828Z[0m [32m INFO[0m [2minstrumented_scheduler._bench_step_decode[0m[2m:[0m Benchmark decode: total_kv_reads=262144 batch_size=240
[2m2026-08-18T20:00:38.330803Z[0m [32m INFO[0m [2minstrumented_scheduler._bench_step_decode[0m[2m:[0m Benchmark decode: total_kv_reads=131072 batch_size=240
[2m2026-08-18T20:00:38.545459Z[0m [32m INFO[0m [2minstrumented_scheduler._bench_step_decode[0m[2m:[0m Benchmark decode: total_kv_reads=65536 batch_size=240
[2m2026-08-18T20:00:38.748480Z[0m [32m INFO[0m [2minstrumented_scheduler._bench_step_decode[0m[2m:[0m Benchmark decode: total_kv_reads=32768 batch_size=240
[2m2026-08-18T20:00:39.704929Z[0m [32m INFO[0m [2minstrumented_scheduler._bench_step_decode[0m[2m:[0m Benchmark decode: total_kv_reads=16384 batch_size=240
[2m2026-08-18T20:00:39.898207Z[0m [32m INFO[0m [2minstrumented_scheduler._bench_step_decode[0m[2m:[0m Benchmark decode: total_kv_reads=8192 batch_size=240
[2m2026-08-18T20:00:40.088417Z[0m [32m INFO[0m [2minstrumented_scheduler._bench_step_decode[0m[2m:[0m Benchmark decode: total_kv_reads=4096 batch_size=240
[2m2026-08-18T20:00:40.277427Z[0m [32m INFO[0m [2minstrumented_scheduler._bench_step_decode[0m[2m:[0m Benchmark decode: total_kv_reads=2048 batch_size=240
[2m2026-08-18T20:00:40.464945Z[0m [32m INFO[0m [2minstrumented_scheduler._bench_step_decode[0m[2m:[0m Benchmark decode: total_kv_reads=1024 batch_size=240
[2m2026-08-18T20:00:40.652132Z[0m [32m INFO[0m [2minstrumented_scheduler._bench_step_decode[0m[2m:[0m Benchmark decode: total_kv_reads=512 batch_size=240
[2m2026-08-18T20:00:40.837729Z[0m [32m INFO[0m [2minstrumented_scheduler._bench_step_decode[0m[2m:[0m Benchmark decode: total_kv_reads=480 batch_size=240
[2m2026-08-18T20:00:41.022793Z[0m [32m INFO[0m [2minstrumented_scheduler._bench_step_decode[0m[2m:[0m Benchmark decode: total_kv_reads=480 batch_size=240
[2m2026-08-18T20:00:41.360675Z[0m [32m INFO[0m [2minstrumented_scheduler._kvwarm_start_stage[0m[2m:[0m KVWARM: stage build batch=233 depth=5824
[2m2026-08-18T20:01:21.898562Z[0m [32m INFO[0m [2minstrumented_scheduler._kvwarm_monitor_build[0m[2m:[0m KVWARM: stage ready batch=233 (40.7s)
[2m2026-08-18T20:01:22.063940Z[0m [32m INFO[0m [2minstrumented_scheduler._bench_step_decode[0m[2m:[0m Benchmark decode: total_kv_reads=1048576 batch_size=233
[2m2026-08-18T20:01:22.491774Z[0m [32m INFO[0m [2minstrumented_scheduler._bench_step_decode[0m[2m:[0m Benchmark decode: total_kv_reads=524288 batch_size=233
[2m2026-08-18T20:01:22.781829Z[0m [32m INFO[0m [2minstrumented_scheduler._bench_step_decode[0m[2m:[0m Benchmark decode: total_kv_reads=262144 batch_size=233
[2m2026-08-18T20:01:23.021881Z[0m [32m INFO[0m [2minstrumented_scheduler._bench_step_decode[0m[2m:[0m Benchmark decode: total_kv_reads=131072 batch_size=233
[2m2026-08-18T20:01:23.238804Z[0m [32m INFO[0m [2minstrumented_scheduler._bench_step_decode[0m[2m:[0m Benchmark decode: total_kv_reads=65536 batch_size=233
[2m2026-08-18T20:01:23.441734Z[0m [32m INFO[0m [2minstrumented_scheduler._bench_step_decode[0m[2m:[0m Benchmark decode: total_kv_reads=32768 batch_size=233
[2m2026-08-18T20:01:23.639787Z[0m [32m INFO[0m [2minstrumented_scheduler._bench_step_decode[0m[2m:[0m Benchmark decode: total_kv_reads=16384 batch_size=233
[2m2026-08-18T20:01:23.833151Z[0m [32m INFO[0m [2minstrumented_scheduler._bench_step_decode[0m[2m:[0m Benchmark decode: total_kv_reads=8192 batch_size=233
[2m2026-08-18T20:01:24.023358Z[0m [32m INFO[0m [2minstrumented_scheduler._bench_step_decode[0m[2m:[0m Benchmark decode: total_kv_reads=4096 batch_size=233
[2m2026-08-18T20:01:24.212602Z[0m [32m INFO[0m [2minstrumented_scheduler._bench_step_decode[0m[2m:[0m Benchmark decode: total_kv_reads=2048 batch_size=233
[2m2026-08-18T20:01:25.336543Z[0m [32m INFO[0m [2minstrumented_scheduler._bench_step_decode[0m[2m:[0m Benchmark decode: total_kv_reads=1024 batch_size=233
[2m2026-08-18T20:01:25.524538Z[0m [32m INFO[0m [2minstrumented_scheduler._bench_step_decode[0m[2m:[0m Benchmark decode: total_kv_reads=512 batch_size=233
[2m2026-08-18T20:01:25.710746Z[0m [32m INFO[0m [2minstrumented_scheduler._bench_step_decode[0m[2m:[0m Benchmark decode: total_kv_reads=466 batch_size=233
[2m2026-08-18T20:01:25.896042Z[0m [32m INFO[0m [2minstrumented_scheduler._bench_step_decode[0m[2m:[0m Benchmark decode: total_kv_reads=466 batch_size=233
[2m2026-08-18T20:01:26.213177Z[0m [32m INFO[0m [2minstrumented_scheduler._kvwarm_start_stage[0m[2m:[0m KVWARM: stage build batch=232 depth=5888
[2m2026-08-18T20:01:36.792135Z[0m [32m INFO[0m [2minstrumented_scheduler._kvwarm_monitor_build[0m[2m:[0m KVWARM: stage ready batch=232 (10.7s)
[2m2026-08-18T20:01:37.166474Z[0m [32m INFO[0m [2minstrumented_scheduler._bench_step_decode[0m[2m:[0m Benchmark decode: total_kv_reads=1048576 batch_size=232
[2m2026-08-18T20:01:37.582532Z[0m [32m INFO[0m [2minstrumented_scheduler._bench_step_decode[0m[2m:[0m Benchmark decode: total_kv_reads=524288 batch_size=232
[2m2026-08-18T20:01:37.867457Z[0m [32m INFO[0m [2minstrumented_scheduler._bench_step_decode[0m[2m:[0m Benchmark decode: total_kv_reads=262144 batch_size=232
[2m2026-08-18T20:01:38.104248Z[0m [32m INFO[0m [2minstrumented_scheduler._bench_step_decode[0m[2m:[0m Benchmark decode: total_kv_reads=131072 batch_size=232
[2m2026-08-18T20:01:38.318196Z[0m [32m INFO[0m [2minstrumented_scheduler._bench_step_decode[0m[2m:[0m Benchmark decode: total_kv_reads=65536 batch_size=232
[2m2026-08-18T20:01:38.519224Z[0m [32m INFO[0m [2minstrumented_scheduler._bench_step_decode[0m[2m:[0m Benchmark decode: total_kv_reads=32768 batch_size=232
[2m2026-08-18T20:01:38.715265Z[0m [32m INFO[0m [2minstrumented_scheduler._bench_step_decode[0m[2m:[0m Benchmark decode: total_kv_reads=16384 batch_size=232
[2m2026-08-18T20:01:38.905670Z[0m [32m INFO[0m [2minstrumented_scheduler._bench_step_decode[0m[2m:[0m Benchmark decode: total_kv_reads=8192 batch_size=232
[2m2026-08-18T20:01:39.093993Z[0m [32m INFO[0m [2minstrumented_scheduler._bench_step_decode[0m[2m:[0m Benchmark decode: total_kv_reads=4096 batch_size=232
[2m2026-08-18T20:01:39.281145Z[0m [32m INFO[0m [2minstrumented_scheduler._bench_step_decode[0m[2m:[0m Benchmark decode: total_kv_reads=2048 batch_size=232
[2m2026-08-18T20:01:39.467483Z[0m [32m INFO[0m [2minstrumented_scheduler._bench_step_decode[0m[2m:[0m Benchmark decode: total_kv_reads=1024 batch_size=232
[2m2026-08-18T20:01:39.653058Z[0m [32m INFO[0m [2minstrumented_scheduler._bench_step_decode[0m[2m:[0m Benchmark decode: total_kv_reads=512 batch_size=232
[2m2026-08-18T20:01:39.837249Z[0m [32m INFO[0m [2minstrumented_scheduler._bench_step_decode[0m[2m:[0m Benchmark decode: total_kv_reads=464 batch_size=232
[2m2026-08-18T20:01:40.947847Z[0m [32m INFO[0m [2minstrumented_scheduler._bench_step_decode[0m[2m:[0m Benchmark decode: total_kv_reads=464 batch_size=232
[2m2026-08-18T20:01:41.271721Z[0m [32m INFO[0m [2minstrumented_scheduler._kvwarm_start_stage[0m[2m:[0m KVWARM: stage build batch=225 depth=6016
[2m2026-08-18T20:02:39.107634Z[0m [32m INFO[0m [2minstrumented_scheduler._kvwarm_monitor_build[0m[2m:[0m KVWARM: stage ready batch=225 (58.0s)
[2m2026-08-18T20:02:39.157399Z[0m [32m INFO[0m [2minstrumented_scheduler._bench_step_decode[0m[2m:[0m Benchmark decode: total_kv_reads=1048576 batch_size=225
[2m2026-08-18T20:02:39.608686Z[0m [32m INFO[0m [2minstrumented_scheduler._bench_step_decode[0m[2m:[0m Benchmark decode: total_kv_reads=524288 batch_size=225
[2m2026-08-18T20:02:39.896733Z[0m [32m INFO[0m [2minstrumented_scheduler._bench_step_decode[0m[2m:[0m Benchmark decode: total_kv_reads=262144 batch_size=225
[2m2026-08-18T20:02:40.137598Z[0m [32m INFO[0m [2minstrumented_scheduler._bench_step_decode[0m[2m:[0m Benchmark decode: total_kv_reads=131072 batch_size=225
[2m2026-08-18T20:02:40.351805Z[0m [32m INFO[0m [2minstrumented_scheduler._bench_step_decode[0m[2m:[0m Benchmark decode: total_kv_reads=65536 batch_size=225
[2m2026-08-18T20:02:40.553619Z[0m [32m INFO[0m [2minstrumented_scheduler._bench_step_decode[0m[2m:[0m Benchmark decode: total_kv_reads=32768 batch_size=225
[2m2026-08-18T20:02:40.749286Z[0m [32m INFO[0m [2minstrumented_scheduler._bench_step_decode[0m[2m:[0m Benchmark decode: total_kv_reads=16384 batch_size=225
[2m2026-08-18T20:02:40.939861Z[0m [32m INFO[0m [2minstrumented_scheduler._bench_step_decode[0m[2m:[0m Benchmark decode: total_kv_reads=8192 batch_size=225
[2m2026-08-18T20:02:41.128328Z[0m [32m INFO[0m [2minstrumented_scheduler._bench_step_decode[0m[2m:[0m Benchmark decode: total_kv_reads=4096 batch_size=225
[2m2026-08-18T20:02:41.315754Z[0m [32m INFO[0m [2minstrumented_scheduler._bench_step_decode[0m[2m:[0m Benchmark decode: total_kv_reads=2048 batch_size=225
[2m2026-08-18T20:02:41.502288Z[0m [32m INFO[0m [2minstrumented_scheduler._bench_step_decode[0m[2m:[0m Benchmark decode: total_kv_reads=1024 batch_size=225
[2m2026-08-18T20:02:41.688108Z[0m [32m INFO[0m [2minstrumented_scheduler._bench_step_decode[0m[2m:[0m Benchmark decode: total_kv_reads=512 batch_size=225
[2m2026-08-18T20:02:41.872524Z[0m [32m INFO[0m [2minstrumented_scheduler._bench_step_decode[0m[2m:[0m Benchmark decode: total_kv_reads=450 batch_size=225
[2m2026-08-18T20:02:42.056109Z[0m [32m INFO[0m [2minstrumented_scheduler._bench_step_decode[0m[2m:[0m Benchmark decode: total_kv_reads=450 batch_size=225
[2m2026-08-18T20:02:42.380198Z[0m [32m INFO[0m [2minstrumented_scheduler._kvwarm_start_stage[0m[2m:[0m KVWARM: stage build batch=224 depth=6080
[2m2026-08-18T20:02:43.325736Z[0m [32m INFO[0m [2minstrumented_scheduler._kvwarm_monitor_build[0m[2m:[0m KVWARM: stage ready batch=224 (1.1s)
[2m2026-08-18T20:02:43.732268Z[0m [32m INFO[0m [2minstrumented_scheduler._bench_step_decode[0m[2m:[0m Benchmark decode: total_kv_reads=1048576 batch_size=224
[2m2026-08-18T20:02:44.111876Z[0m [32m INFO[0m [2minstrumented_scheduler._bench_step_decode[0m[2m:[0m Benchmark decode: total_kv_reads=524288 batch_size=224
[2m2026-08-18T20:02:45.509789Z[0m [32m INFO[0m [2minstrumented_scheduler._bench_step_decode[0m[2m:[0m Benchmark decode: total_kv_reads=262144 batch_size=224
[2m2026-08-18T20:02:45.743510Z[0m [32m INFO[0m [2minstrumented_scheduler._bench_step_decode[0m[2m:[0m Benchmark decode: total_kv_reads=131072 batch_size=224
[2m2026-08-18T20:02:45.952166Z[0m [32m INFO[0m [2minstrumented_scheduler._bench_step_decode[0m[2m:[0m Benchmark decode: total_kv_reads=65536 batch_size=224
[2m2026-08-18T20:02:46.148346Z[0m [32m INFO[0m [2minstrumented_scheduler._bench_step_decode[0m[2m:[0m Benchmark decode: total_kv_reads=32768 batch_size=224
[2m2026-08-18T20:02:46.338413Z[0m [32m INFO[0m [2minstrumented_scheduler._bench_step_decode[0m[2m:[0m Benchmark decode: total_kv_reads=16384 batch_size=224
[2m2026-08-18T20:02:46.524084Z[0m [32m INFO[0m [2minstrumented_scheduler._bench_step_decode[0m[2m:[0m Benchmark decode: total_kv_reads=8192 batch_size=224
[2m2026-08-18T20:02:46.707741Z[0m [32m INFO[0m [2minstrumented_scheduler._bench_step_decode[0m[2m:[0m Benchmark decode: total_kv_reads=4096 batch_size=224
[2m2026-08-18T20:02:46.889536Z[0m [32m INFO[0m [2minstrumented_scheduler._bench_step_decode[0m[2m:[0m Benchmark decode: total_kv_reads=2048 batch_size=224
[2m2026-08-18T20:02:47.070577Z[0m [32m INFO[0m [2minstrumented_scheduler._bench_step_decode[0m[2m:[0m Benchmark decode: total_kv_reads=1024 batch_size=224
[2m2026-08-18T20:02:47.251230Z[0m [32m INFO[0m [2minstrumented_scheduler._bench_step_decode[0m[2m:[0m Benchmark decode: total_kv_reads=512 batch_size=224
[2m2026-08-18T20:02:47.430139Z[0m [32m INFO[0m [2minstrumented_scheduler._bench_step_decode[0m[2m:[0m Benchmark decode: total_kv_reads=448 batch_size=224
[2m2026-08-18T20:02:47.608280Z[0m [32m INFO[0m [2minstrumented_scheduler._bench_step_decode[0m[2m:[0m Benchmark decode: total_kv_reads=448 batch_size=224
[2m2026-08-18T20:02:47.955885Z[0m [32m INFO[0m [2minstrumented_scheduler._kvwarm_start_stage[0m[2m:[0m KVWARM: stage build batch=217 depth=6272
[2m2026-08-18T20:03:44.001763Z[0m [32m INFO[0m [2minstrumented_scheduler._kvwarm_monitor_build[0m[2m:[0m KVWARM: stage ready batch=217 (56.2s)
[2m2026-08-18T20:03:44.222395Z[0m [32m INFO[0m [2minstrumented_scheduler._bench_step_decode[0m[2m:[0m Benchmark decode: total_kv_reads=1048576 batch_size=217
[2m2026-08-18T20:03:44.634142Z[0m [32m INFO[0m [2minstrumented_scheduler._bench_step_decode[0m[2m:[0m Benchmark decode: total_kv_reads=524288 batch_size=217
[2m2026-08-18T20:03:44.918072Z[0m [32m INFO[0m [2minstrumented_scheduler._bench_step_decode[0m[2m:[0m Benchmark decode: total_kv_reads=262144 batch_size=217
[2m2026-08-18T20:03:45.150336Z[0m [32m INFO[0m [2minstrumented_scheduler._bench_step_decode[0m[2m:[0m Benchmark decode: total_kv_reads=131072 batch_size=217
[2m2026-08-18T20:03:45.360263Z[0m [32m INFO[0m [2minstrumented_scheduler._bench_step_decode[0m[2m:[0m Benchmark decode: total_kv_reads=65536 batch_size=217
[2m2026-08-18T20:03:45.556375Z[0m [32m INFO[0m [2minstrumented_scheduler._bench_step_decode[0m[2m:[0m Benchmark decode: total_kv_reads=32768 batch_size=217
[2m2026-08-18T20:03:46.865796Z[0m [32m INFO[0m [2minstrumented_scheduler._bench_step_decode[0m[2m:[0m Benchmark decode: total_kv_reads=16384 batch_size=217
[2m2026-08-18T20:03:47.052910Z[0m [32m INFO[0m [2minstrumented_scheduler._bench_step_decode[0m[2m:[0m Benchmark decode: total_kv_reads=8192 batch_size=217
[2m2026-08-18T20:03:47.236416Z[0m [32m INFO[0m [2minstrumented_scheduler._bench_step_decode[0m[2m:[0m Benchmark decode: total_kv_reads=4096 batch_size=217
[2m2026-08-18T20:03:47.419384Z[0m [32m INFO[0m [2minstrumented_scheduler._bench_step_decode[0m[2m:[0m Benchmark decode: total_kv_reads=2048 batch_size=217
[2m2026-08-18T20:03:47.600814Z[0m [32m INFO[0m [2minstrumented_scheduler._bench_step_decode[0m[2m:[0m Benchmark decode: total_kv_reads=1024 batch_size=217
[2m2026-08-18T20:03:47.781786Z[0m [32m INFO[0m [2minstrumented_scheduler._bench_step_decode[0m[2m:[0m Benchmark decode: total_kv_reads=512 batch_size=217
[2m2026-08-18T20:03:47.961287Z[0m [32m INFO[0m [2minstrumented_scheduler._bench_step_decode[0m[2m:[0m Benchmark decode: total_kv_reads=434 batch_size=217
[2m2026-08-18T20:03:48.139961Z[0m [32m INFO[0m [2minstrumented_scheduler._bench_step_decode[0m[2m:[0m Benchmark decode: total_kv_reads=434 batch_size=217
[2m2026-08-18T20:03:48.398465Z[0m [32m INFO[0m [2minstrumented_scheduler._kvwarm_start_stage[0m[2m:[0m KVWARM: stage build batch=216 depth=6272
[2m2026-08-18T20:03:48.918416Z[0m [32m INFO[0m [2minstrumented_scheduler._kvwarm_monitor_build[0m[2m:[0m KVWARM: stage ready batch=216 (0.6s)
[2m2026-08-18T20:03:49.229943Z[0m [32m INFO[0m [2minstrumented_scheduler._bench_step_decode[0m[2m:[0m Benchmark decode: total_kv_reads=1048576 batch_size=216
[2m2026-08-18T20:03:49.624468Z[0m [32m INFO[0m [2minstrumented_scheduler._bench_step_decode[0m[2m:[0m Benchmark decode: total_kv_reads=524288 batch_size=216
[2m2026-08-18T20:03:49.902502Z[0m [32m INFO[0m [2minstrumented_scheduler._bench_step_decode[0m[2m:[0m Benchmark decode: total_kv_reads=262144 batch_size=216
[2m2026-08-18T20:03:50.133603Z[0m [32m INFO[0m [2minstrumented_scheduler._bench_step_decode[0m[2m:[0m Benchmark decode: total_kv_reads=131072 batch_size=216
[2m2026-08-18T20:03:50.341189Z[0m [32m INFO[0m [2minstrumented_scheduler._bench_step_decode[0m[2m:[0m Benchmark decode: total_kv_reads=65536 batch_size=216
[2m2026-08-18T20:03:50.534504Z[0m [32m INFO[0m [2minstrumented_scheduler._bench_step_decode[0m[2m:[0m Benchmark decode: total_kv_reads=32768 batch_size=216
[2m2026-08-18T20:03:50.722667Z[0m [32m INFO[0m [2minstrumented_scheduler._bench_step_decode[0m[2m:[0m Benchmark decode: total_kv_reads=16384 batch_size=216
[2m2026-08-18T20:03:50.906460Z[0m [32m INFO[0m [2minstrumented_scheduler._bench_step_decode[0m[2m:[0m Benchmark decode: total_kv_reads=8192 batch_size=216
[2m2026-08-18T20:03:51.087600Z[0m [32m INFO[0m [2minstrumented_scheduler._bench_step_decode[0m[2m:[0m Benchmark decode: total_kv_reads=4096 batch_size=216
[2m2026-08-18T20:03:51.267702Z[0m [32m INFO[0m [2minstrumented_scheduler._bench_step_decode[0m[2m:[0m Benchmark decode: total_kv_reads=2048 batch_size=216
[2m2026-08-18T20:03:52.206289Z[0m [32m INFO[0m [2minstrumented_scheduler._bench_step_decode[0m[2m:[0m Benchmark decode: total_kv_reads=1024 batch_size=216
[2m2026-08-18T20:03:52.385265Z[0m [32m INFO[0m [2minstrumented_scheduler._bench_step_decode[0m[2m:[0m Benchmark decode: total_kv_reads=512 batch_size=216
[2m2026-08-18T20:03:52.562664Z[0m [32m INFO[0m [2minstrumented_scheduler._bench_step_decode[0m[2m:[0m Benchmark decode: total_kv_reads=432 batch_size=216
[2m2026-08-18T20:03:52.738436Z[0m [32m INFO[0m [2minstrumented_scheduler._bench_step_decode[0m[2m:[0m Benchmark decode: total_kv_reads=432 batch_size=216
[2m2026-08-18T20:03:53.112984Z[0m [32m INFO[0m [2minstrumented_scheduler._kvwarm_start_stage[0m[2m:[0m KVWARM: stage build batch=209 depth=6528
[2m2026-08-18T20:04:41.506405Z[0m [32m INFO[0m [2minstrumented_scheduler._kvwarm_monitor_build[0m[2m:[0m KVWARM: stage ready batch=209 (48.6s)
[2m2026-08-18T20:04:41.837452Z[0m [32m INFO[0m [2minstrumented_scheduler._bench_step_decode[0m[2m:[0m Benchmark decode: total_kv_reads=1048576 batch_size=209
[2m2026-08-18T20:04:42.233055Z[0m [32m INFO[0m [2minstrumented_scheduler._bench_step_decode[0m[2m:[0m Benchmark decode: total_kv_reads=524288 batch_size=209
[2m2026-08-18T20:04:42.527267Z[0m [32m INFO[0m [2minstrumented_scheduler._bench_step_decode[0m[2m:[0m Benchmark decode: total_kv_reads=262144 batch_size=209
[2m2026-08-18T20:04:42.758906Z[0m [32m INFO[0m [2minstrumented_scheduler._bench_step_decode[0m[2m:[0m Benchmark decode: total_kv_reads=131072 batch_size=209
[2m2026-08-18T20:04:42.965348Z[0m [32m INFO[0m [2minstrumented_scheduler._bench_step_decode[0m[2m:[0m Benchmark decode: total_kv_reads=65536 batch_size=209
[2m2026-08-18T20:04:43.160054Z[0m [32m INFO[0m [2minstrumented_scheduler._bench_step_decode[0m[2m:[0m Benchmark decode: total_kv_reads=32768 batch_size=209
[2m2026-08-18T20:04:43.348062Z[0m [32m INFO[0m [2minstrumented_scheduler._bench_step_decode[0m[2m:[0m Benchmark decode: total_kv_reads=16384 batch_size=209
[2m2026-08-18T20:04:43.531846Z[0m [32m INFO[0m [2minstrumented_scheduler._bench_step_decode[0m[2m:[0m Benchmark decode: total_kv_reads=8192 batch_size=209
[2m2026-08-18T20:04:43.713116Z[0m [32m INFO[0m [2minstrumented_scheduler._bench_step_decode[0m[2m:[0m Benchmark decode: total_kv_reads=4096 batch_size=209
[2m2026-08-18T20:04:43.893239Z[0m [32m INFO[0m [2minstrumented_scheduler._bench_step_decode[0m[2m:[0m Benchmark decode: total_kv_reads=2048 batch_size=209
[2m2026-08-18T20:04:44.072598Z[0m [32m INFO[0m [2minstrumented_scheduler._bench_step_decode[0m[2m:[0m Benchmark decode: total_kv_reads=1024 batch_size=209
[2m2026-08-18T20:04:44.251523Z[0m [32m INFO[0m [2minstrumented_scheduler._bench_step_decode[0m[2m:[0m Benchmark decode: total_kv_reads=512 batch_size=209
[2m2026-08-18T20:04:44.429019Z[0m [32m INFO[0m [2minstrumented_scheduler._bench_step_decode[0m[2m:[0m Benchmark decode: total_kv_reads=418 batch_size=209
[2m2026-08-18T20:04:44.605096Z[0m [32m INFO[0m [2minstrumented_scheduler._bench_step_decode[0m[2m:[0m Benchmark decode: total_kv_reads=418 batch_size=209
[2m2026-08-18T20:04:45.917212Z[0m [32m INFO[0m [2minstrumented_scheduler._kvwarm_start_stage[0m[2m:[0m KVWARM: stage build batch=208 depth=6528
[2m2026-08-18T20:04:46.447451Z[0m [32m INFO[0m [2minstrumented_scheduler._kvwarm_monitor_build[0m[2m:[0m KVWARM: stage ready batch=208 (1.7s)
[2m2026-08-18T20:04:46.736823Z[0m [32m INFO[0m [2minstrumented_scheduler._bench_step_decode[0m[2m:[0m Benchmark decode: total_kv_reads=1048576 batch_size=208
[2m2026-08-18T20:04:47.146635Z[0m [32m INFO[0m [2minstrumented_scheduler._bench_step_decode[0m[2m:[0m Benchmark decode: total_kv_reads=524288 batch_size=208
[2m2026-08-18T20:04:47.443860Z[0m [32m INFO[0m [2minstrumented_scheduler._bench_step_decode[0m[2m:[0m Benchmark decode: total_kv_reads=262144 batch_size=208
[2m2026-08-18T20:04:47.693279Z[0m [32m INFO[0m [2minstrumented_scheduler._bench_step_decode[0m[2m:[0m Benchmark decode: total_kv_reads=131072 batch_size=208
[2m2026-08-18T20:04:47.915988Z[0m [32m INFO[0m [2minstrumented_scheduler._bench_step_decode[0m[2m:[0m Benchmark decode: total_kv_reads=65536 batch_size=208
[2m2026-08-18T20:04:48.126575Z[0m [32m INFO[0m [2minstrumented_scheduler._bench_step_decode[0m[2m:[0m Benchmark decode: total_kv_reads=32768 batch_size=208
[2m2026-08-18T20:04:48.330746Z[0m [32m INFO[0m [2minstrumented_scheduler._bench_step_decode[0m[2m:[0m Benchmark decode: total_kv_reads=16384 batch_size=208
[2m2026-08-18T20:04:48.530796Z[0m [32m INFO[0m [2minstrumented_scheduler._bench_step_decode[0m[2m:[0m Benchmark decode: total_kv_reads=8192 batch_size=208
[2m2026-08-18T20:04:48.728658Z[0m [32m INFO[0m [2minstrumented_scheduler._bench_step_decode[0m[2m:[0m Benchmark decode: total_kv_reads=4096 batch_size=208
[2m2026-08-18T20:04:48.925141Z[0m [32m INFO[0m [2minstrumented_scheduler._bench_step_decode[0m[2m:[0m Benchmark decode: total_kv_reads=2048 batch_size=208
[2m2026-08-18T20:04:49.121370Z[0m [32m INFO[0m [2minstrumented_scheduler._bench_step_decode[0m[2m:[0m Benchmark decode: total_kv_reads=1024 batch_size=208
[2m2026-08-18T20:04:49.316299Z[0m [32m INFO[0m [2minstrumented_scheduler._bench_step_decode[0m[2m:[0m Benchmark decode: total_kv_reads=512 batch_size=208
[2m2026-08-18T20:04:49.510453Z[0m [32m INFO[0m [2minstrumented_scheduler._bench_step_decode[0m[2m:[0m Benchmark decode: total_kv_reads=416 batch_size=208
[2m2026-08-18T20:04:49.702900Z[0m [32m INFO[0m [2minstrumented_scheduler._bench_step_decode[0m[2m:[0m Benchmark decode: total_kv_reads=416 batch_size=208
[2m2026-08-18T20:04:50.082718Z[0m [32m INFO[0m [2minstrumented_scheduler._kvwarm_start_stage[0m[2m:[0m KVWARM: stage build batch=201 depth=6784
[2m2026-08-18T20:05:41.394355Z[0m [32m INFO[0m [2minstrumented_scheduler._kvwarm_monitor_build[0m[2m:[0m KVWARM: stage ready batch=201 (51.5s)
[2m2026-08-18T20:05:41.800814Z[0m [32m INFO[0m [2minstrumented_scheduler._bench_step_decode[0m[2m:[0m Benchmark decode: total_kv_reads=1048576 batch_size=201
[2m2026-08-18T20:05:42.220652Z[0m [32m INFO[0m [2minstrumented_scheduler._bench_step_decode[0m[2m:[0m Benchmark decode: total_kv_reads=524288 batch_size=201
[2m2026-08-18T20:05:42.536137Z[0m [32m INFO[0m [2minstrumented_scheduler._bench_step_decode[0m[2m:[0m Benchmark decode: total_kv_reads=262144 batch_size=201
[2m2026-08-18T20:05:42.786168Z[0m [32m INFO[0m [2minstrumented_scheduler._bench_step_decode[0m[2m:[0m Benchmark decode: total_kv_reads=131072 batch_size=201
[2m2026-08-18T20:05:43.010478Z[0m [32m INFO[0m [2minstrumented_scheduler._bench_step_decode[0m[2m:[0m Benchmark decode: total_kv_reads=65536 batch_size=201
[2m2026-08-18T20:05:43.220996Z[0m [32m INFO[0m [2minstrumented_scheduler._bench_step_decode[0m[2m:[0m Benchmark decode: total_kv_reads=32768 batch_size=201
[2m2026-08-18T20:05:44.549400Z[0m [32m INFO[0m [2minstrumented_scheduler._bench_step_decode[0m[2m:[0m Benchmark decode: total_kv_reads=16384 batch_size=201
[2m2026-08-18T20:05:44.749677Z[0m [32m INFO[0m [2minstrumented_scheduler._bench_step_decode[0m[2m:[0m Benchmark decode: total_kv_reads=8192 batch_size=201
[2m2026-08-18T20:05:44.947513Z[0m [32m INFO[0m [2minstrumented_scheduler._bench_step_decode[0m[2m:[0m Benchmark decode: total_kv_reads=4096 batch_size=201
[2m2026-08-18T20:05:45.144771Z[0m [32m INFO[0m [2minstrumented_scheduler._bench_step_decode[0m[2m:[0m Benchmark decode: total_kv_reads=2048 batch_size=201
[2m2026-08-18T20:05:45.341097Z[0m [32m INFO[0m [2minstrumented_scheduler._bench_step_decode[0m[2m:[0m Benchmark decode: total_kv_reads=1024 batch_size=201
[2m2026-08-18T20:05:45.536795Z[0m [32m INFO[0m [2minstrumented_scheduler._bench_step_decode[0m[2m:[0m Benchmark decode: total_kv_reads=512 batch_size=201
[2m2026-08-18T20:05:45.730822Z[0m [32m INFO[0m [2minstrumented_scheduler._bench_step_decode[0m[2m:[0m Benchmark decode: total_kv_reads=402 batch_size=201
[2m2026-08-18T20:05:45.923473Z[0m [32m INFO[0m [2minstrumented_scheduler._bench_step_decode[0m[2m:[0m Benchmark decode: total_kv_reads=402 batch_size=201
[2m2026-08-18T20:05:46.206330Z[0m [32m INFO[0m [2minstrumented_scheduler._kvwarm_start_stage[0m[2m:[0m KVWARM: stage build batch=200 depth=6784
[2m2026-08-18T20:05:46.732807Z[0m [32m INFO[0m [2minstrumented_scheduler._kvwarm_monitor_build[0m[2m:[0m KVWARM: stage ready batch=200 (0.6s)
[2m2026-08-18T20:05:46.986000Z[0m [32m INFO[0m [2minstrumented_scheduler._bench_step_decode[0m[2m:[0m Benchmark decode: total_kv_reads=1048576 batch_size=200
[2m2026-08-18T20:05:47.375962Z[0m [32m INFO[0m [2minstrumented_scheduler._bench_step_decode[0m[2m:[0m Benchmark decode: total_kv_reads=524288 batch_size=200
[2m2026-08-18T20:05:47.671009Z[0m [32m INFO[0m [2minstrumented_scheduler._bench_step_decode[0m[2m:[0m Benchmark decode: total_kv_reads=262144 batch_size=200
[2m2026-08-18T20:05:47.917962Z[0m [32m INFO[0m [2minstrumented_scheduler._bench_step_decode[0m[2m:[0m Benchmark decode: total_kv_reads=131072 batch_size=200
[2m2026-08-18T20:05:48.141196Z[0m [32m INFO[0m [2minstrumented_scheduler._bench_step_decode[0m[2m:[0m Benchmark decode: total_kv_reads=65536 batch_size=200
[2m2026-08-18T20:05:48.348602Z[0m [32m INFO[0m [2minstrumented_scheduler._bench_step_decode[0m[2m:[0m Benchmark decode: total_kv_reads=32768 batch_size=200
[2m2026-08-18T20:05:48.550078Z[0m [32m INFO[0m [2minstrumented_scheduler._bench_step_decode[0m[2m:[0m Benchmark decode: total_kv_reads=16384 batch_size=200
[2m2026-08-18T20:05:48.747073Z[0m [32m INFO[0m [2minstrumented_scheduler._bench_step_decode[0m[2m:[0m Benchmark decode: total_kv_reads=8192 batch_size=200
[2m2026-08-18T20:05:48.942317Z[0m [32m INFO[0m [2minstrumented_scheduler._bench_step_decode[0m[2m:[0m Benchmark decode: total_kv_reads=4096 batch_size=200
[2m2026-08-18T20:05:49.135918Z[0m [32m INFO[0m [2minstrumented_scheduler._bench_step_decode[0m[2m:[0m Benchmark decode: total_kv_reads=2048 batch_size=200
[2m2026-08-18T20:05:49.328775Z[0m [32m INFO[0m [2minstrumented_scheduler._bench_step_decode[0m[2m:[0m Benchmark decode: total_kv_reads=1024 batch_size=200
[2m2026-08-18T20:05:49.521007Z[0m [32m INFO[0m [2minstrumented_scheduler._bench_step_decode[0m[2m:[0m Benchmark decode: total_kv_reads=512 batch_size=200
[2m2026-08-18T20:05:50.495949Z[0m [32m INFO[0m [2minstrumented_scheduler._bench_step_decode[0m[2m:[0m Benchmark decode: total_kv_reads=400 batch_size=200
[2m2026-08-18T20:05:50.686368Z[0m [32m INFO[0m [2minstrumented_scheduler._bench_step_decode[0m[2m:[0m Benchmark decode: total_kv_reads=400 batch_size=200
[2m2026-08-18T20:05:51.061265Z[0m [32m INFO[0m [2minstrumented_scheduler._kvwarm_start_stage[0m[2m:[0m KVWARM: stage build batch=193 depth=7040
[2m2026-08-18T20:06:40.554130Z[0m [32m INFO[0m [2minstrumented_scheduler._kvwarm_monitor_build[0m[2m:[0m KVWARM: stage ready batch=193 (49.7s)
[2m2026-08-18T20:06:40.720591Z[0m [32m INFO[0m [2minstrumented_scheduler._bench_step_decode[0m[2m:[0m Benchmark decode: total_kv_reads=1048576 batch_size=193
[2m2026-08-18T20:06:41.152818Z[0m [32m INFO[0m [2minstrumented_scheduler._bench_step_decode[0m[2m:[0m Benchmark decode: total_kv_reads=524288 batch_size=193
[2m2026-08-18T20:06:41.446787Z[0m [32m INFO[0m [2minstrumented_scheduler._bench_step_decode[0m[2m:[0m Benchmark decode: total_kv_reads=262144 batch_size=193
[2m2026-08-18T20:06:41.694480Z[0m [32m INFO[0m [2minstrumented_scheduler._bench_step_decode[0m[2m:[0m Benchmark decode: total_kv_reads=131072 batch_size=193
[2m2026-08-18T20:06:41.915552Z[0m [32m INFO[0m [2minstrumented_scheduler._bench_step_decode[0m[2m:[0m Benchmark decode: total_kv_reads=65536 batch_size=193
[2m2026-08-18T20:06:42.123417Z[0m [32m INFO[0m [2minstrumented_scheduler._bench_step_decode[0m[2m:[0m Benchmark decode: total_kv_reads=32768 batch_size=193
[2m2026-08-18T20:06:42.324500Z[0m [32m INFO[0m [2minstrumented_scheduler._bench_step_decode[0m[2m:[0m Benchmark decode: total_kv_reads=16384 batch_size=193
[2m2026-08-18T20:06:42.521936Z[0m [32m INFO[0m [2minstrumented_scheduler._bench_step_decode[0m[2m:[0m Benchmark decode: total_kv_reads=8192 batch_size=193
[2m2026-08-18T20:06:42.716829Z[0m [32m INFO[0m [2minstrumented_scheduler._bench_step_decode[0m[2m:[0m Benchmark decode: total_kv_reads=4096 batch_size=193
[2m2026-08-18T20:06:42.911055Z[0m [32m INFO[0m [2minstrumented_scheduler._bench_step_decode[0m[2m:[0m Benchmark decode: total_kv_reads=2048 batch_size=193
[2m2026-08-18T20:06:43.104191Z[0m [32m INFO[0m [2minstrumented_scheduler._bench_step_decode[0m[2m:[0m Benchmark decode: total_kv_reads=1024 batch_size=193
[2m2026-08-18T20:06:43.297090Z[0m [32m INFO[0m [2minstrumented_scheduler._bench_step_decode[0m[2m:[0m Benchmark decode: total_kv_reads=512 batch_size=193
[2m2026-08-18T20:06:43.488582Z[0m [32m INFO[0m [2minstrumented_scheduler._bench_step_decode[0m[2m:[0m Benchmark decode: total_kv_reads=386 batch_size=193
[2m2026-08-18T20:06:43.678800Z[0m [32m INFO[0m [2minstrumented_scheduler._bench_step_decode[0m[2m:[0m Benchmark decode: total_kv_reads=386 batch_size=193
[2m2026-08-18T20:06:43.996806Z[0m [32m INFO[0m [2minstrumented_scheduler._kvwarm_start_stage[0m[2m:[0m KVWARM: stage build batch=192 depth=7104
[2m2026-08-18T20:06:51.725554Z[0m [32m INFO[0m [2minstrumented_scheduler._kvwarm_monitor_build[0m[2m:[0m KVWARM: stage ready batch=192 (7.8s)
[2m2026-08-18T20:06:51.863331Z[0m [32m INFO[0m [2minstrumented_scheduler._bench_step_decode[0m[2m:[0m Benchmark decode: total_kv_reads=1048576 batch_size=192
[2m2026-08-18T20:06:52.244309Z[0m [32m INFO[0m [2minstrumented_scheduler._bench_step_decode[0m[2m:[0m Benchmark decode: total_kv_reads=524288 batch_size=192
[2m2026-08-18T20:06:52.535207Z[0m [32m INFO[0m [2minstrumented_scheduler._bench_step_decode[0m[2m:[0m Benchmark decode: total_kv_reads=262144 batch_size=192
[2m2026-08-18T20:06:52.774066Z[0m [32m INFO[0m [2minstrumented_scheduler._bench_step_decode[0m[2m:[0m Benchmark decode: total_kv_reads=131072 batch_size=192
[2m2026-08-18T20:06:54.109866Z[0m [32m INFO[0m [2minstrumented_scheduler._bench_step_decode[0m[2m:[0m Benchmark decode: total_kv_reads=65536 batch_size=192
[2m2026-08-18T20:06:54.311350Z[0m [32m INFO[0m [2minstrumented_scheduler._bench_step_decode[0m[2m:[0m Benchmark decode: total_kv_reads=32768 batch_size=192
[2m2026-08-18T20:06:54.506626Z[0m [32m INFO[0m [2minstrumented_scheduler._bench_step_decode[0m[2m:[0m Benchmark decode: total_kv_reads=16384 batch_size=192
[2m2026-08-18T20:06:54.697284Z[0m [32m INFO[0m [2minstrumented_scheduler._bench_step_decode[0m[2m:[0m Benchmark decode: total_kv_reads=8192 batch_size=192
[2m2026-08-18T20:06:54.886172Z[0m [32m INFO[0m [2minstrumented_scheduler._bench_step_decode[0m[2m:[0m Benchmark decode: total_kv_reads=4096 batch_size=192
[2m2026-08-18T20:06:55.073976Z[0m [32m INFO[0m [2minstrumented_scheduler._bench_step_decode[0m[2m:[0m Benchmark decode: total_kv_reads=2048 batch_size=192
[2m2026-08-18T20:06:55.260334Z[0m [32m INFO[0m [2minstrumented_scheduler._bench_step_decode[0m[2m:[0m Benchmark decode: total_kv_reads=1024 batch_size=192
[2m2026-08-18T20:06:55.446071Z[0m [32m INFO[0m [2minstrumented_scheduler._bench_step_decode[0m[2m:[0m Benchmark decode: total_kv_reads=512 batch_size=192
[2m2026-08-18T20:06:55.630392Z[0m [32m INFO[0m [2minstrumented_scheduler._bench_step_decode[0m[2m:[0m Benchmark decode: total_kv_reads=384 batch_size=192
[2m2026-08-18T20:06:55.812071Z[0m [32m INFO[0m [2minstrumented_scheduler._bench_step_decode[0m[2m:[0m Benchmark decode: total_kv_reads=384 batch_size=192
[2m2026-08-18T20:06:56.183918Z[0m [32m INFO[0m [2minstrumented_scheduler._kvwarm_start_stage[0m[2m:[0m KVWARM: stage build batch=185 depth=7360
[2m2026-08-18T20:07:54.594382Z[0m [32m INFO[0m [2minstrumented_scheduler._kvwarm_monitor_build[0m[2m:[0m KVWARM: stage ready batch=185 (58.6s)
[2m2026-08-18T20:07:54.712407Z[0m [32m INFO[0m [2minstrumented_scheduler._bench_step_decode[0m[2m:[0m Benchmark decode: total_kv_reads=1048576 batch_size=185
[2m2026-08-18T20:07:55.131006Z[0m [32m INFO[0m [2minstrumented_scheduler._bench_step_decode[0m[2m:[0m Benchmark decode: total_kv_reads=524288 batch_size=185
[2m2026-08-18T20:07:55.421315Z[0m [32m INFO[0m [2minstrumented_scheduler._bench_step_decode[0m[2m:[0m Benchmark decode: total_kv_reads=262144 batch_size=185
[2m2026-08-18T20:07:55.661750Z[0m [32m INFO[0m [2minstrumented_scheduler._bench_step_decode[0m[2m:[0m Benchmark decode: total_kv_reads=131072 batch_size=185
[2m2026-08-18T20:07:55.875674Z[0m [32m INFO[0m [2minstrumented_scheduler._bench_step_decode[0m[2m:[0m Benchmark decode: total_kv_reads=65536 batch_size=185
[2m2026-08-18T20:07:56.077233Z[0m [32m INFO[0m [2minstrumented_scheduler._bench_step_decode[0m[2m:[0m Benchmark decode: total_kv_reads=32768 batch_size=185
[2m2026-08-18T20:07:56.271632Z[0m [32m INFO[0m [2minstrumented_scheduler._bench_step_decode[0m[2m:[0m Benchmark decode: total_kv_reads=16384 batch_size=185
[2m2026-08-18T20:07:56.462326Z[0m [32m INFO[0m [2minstrumented_scheduler._bench_step_decode[0m[2m:[0m Benchmark decode: total_kv_reads=8192 batch_size=185
[2m2026-08-18T20:07:56.650620Z[0m [32m INFO[0m [2minstrumented_scheduler._bench_step_decode[0m[2m:[0m Benchmark decode: total_kv_reads=4096 batch_size=185
[2m2026-08-18T20:07:56.837745Z[0m [32m INFO[0m [2minstrumented_scheduler._bench_step_decode[0m[2m:[0m Benchmark decode: total_kv_reads=2048 batch_size=185
[2m2026-08-18T20:07:57.024145Z[0m [32m INFO[0m [2minstrumented_scheduler._bench_step_decode[0m[2m:[0m Benchmark decode: total_kv_reads=1024 batch_size=185
[2m2026-08-18T20:07:57.209934Z[0m [32m INFO[0m [2minstrumented_scheduler._bench_step_decode[0m[2m:[0m Benchmark decode: total_kv_reads=512 batch_size=185
[2m2026-08-18T20:07:57.394173Z[0m [32m INFO[0m [2minstrumented_scheduler._bench_step_decode[0m[2m:[0m Benchmark decode: total_kv_reads=370 batch_size=185
[2m2026-08-18T20:07:57.576756Z[0m [32m INFO[0m [2minstrumented_scheduler._bench_step_decode[0m[2m:[0m Benchmark decode: total_kv_reads=370 batch_size=185
[2m2026-08-18T20:07:57.882979Z[0m [32m INFO[0m [2minstrumented_scheduler._kvwarm_start_stage[0m[2m:[0m KVWARM: stage build batch=184 depth=7424
[2m2026-08-18T20:08:17.430319Z[0m [32m INFO[0m [2minstrumented_scheduler._kvwarm_monitor_build[0m[2m:[0m KVWARM: stage ready batch=184 (19.7s)
[2m2026-08-18T20:08:17.672832Z[0m [32m INFO[0m [2minstrumented_scheduler._bench_step_decode[0m[2m:[0m Benchmark decode: total_kv_reads=1048576 batch_size=184
[2m2026-08-18T20:08:18.059879Z[0m [32m INFO[0m [2minstrumented_scheduler._bench_step_decode[0m[2m:[0m Benchmark decode: total_kv_reads=524288 batch_size=184
[2m2026-08-18T20:08:19.474720Z[0m [32m INFO[0m [2minstrumented_scheduler._bench_step_decode[0m[2m:[0m Benchmark decode: total_kv_reads=262144 batch_size=184
[2m2026-08-18T20:08:19.711547Z[0m [32m INFO[0m [2minstrumented_scheduler._bench_step_decode[0m[2m:[0m Benchmark decode: total_kv_reads=131072 batch_size=184
[2m2026-08-18T20:08:19.923334Z[0m [32m INFO[0m [2minstrumented_scheduler._bench_step_decode[0m[2m:[0m Benchmark decode: total_kv_reads=65536 batch_size=184
[2m2026-08-18T20:08:20.119616Z[0m [32m INFO[0m [2minstrumented_scheduler._bench_step_decode[0m[2m:[0m Benchmark decode: total_kv_reads=32768 batch_size=184
[2m2026-08-18T20:08:20.310765Z[0m [32m INFO[0m [2minstrumented_scheduler._bench_step_decode[0m[2m:[0m Benchmark decode: total_kv_reads=16384 batch_size=184
[2m2026-08-18T20:08:20.497092Z[0m [32m INFO[0m [2minstrumented_scheduler._bench_step_decode[0m[2m:[0m Benchmark decode: total_kv_reads=8192 batch_size=184
[2m2026-08-18T20:08:20.681739Z[0m [32m INFO[0m [2minstrumented_scheduler._bench_step_decode[0m[2m:[0m Benchmark decode: total_kv_reads=4096 batch_size=184
[2m2026-08-18T20:08:20.865082Z[0m [32m INFO[0m [2minstrumented_scheduler._bench_step_decode[0m[2m:[0m Benchmark decode: total_kv_reads=2048 batch_size=184
[2m2026-08-18T20:08:21.047376Z[0m [32m INFO[0m [2minstrumented_scheduler._bench_step_decode[0m[2m:[0m Benchmark decode: total_kv_reads=1024 batch_size=184
[2m2026-08-18T20:08:21.228223Z[0m [32m INFO[0m [2minstrumented_scheduler._bench_step_decode[0m[2m:[0m Benchmark decode: total_kv_reads=512 batch_size=184
[2m2026-08-18T20:08:21.408203Z[0m [32m INFO[0m [2minstrumented_scheduler._bench_step_decode[0m[2m:[0m Benchmark decode: total_kv_reads=368 batch_size=184
[2m2026-08-18T20:08:21.586044Z[0m [32m INFO[0m [2minstrumented_scheduler._bench_step_decode[0m[2m:[0m Benchmark decode: total_kv_reads=368 batch_size=184
[2m2026-08-18T20:08:21.909410Z[0m [32m INFO[0m [2minstrumented_scheduler._kvwarm_start_stage[0m[2m:[0m KVWARM: stage build batch=177 depth=7680
[2m2026-08-18T20:09:22.476383Z[0m [32m INFO[0m [2minstrumented_scheduler._kvwarm_monitor_build[0m[2m:[0m KVWARM: stage ready batch=177 (60.7s)
[2m2026-08-18T20:09:22.762875Z[0m [32m INFO[0m [2minstrumented_scheduler._bench_step_decode[0m[2m:[0m Benchmark decode: total_kv_reads=1048576 batch_size=177
[2m2026-08-18T20:09:23.185763Z[0m [32m INFO[0m [2minstrumented_scheduler._bench_step_decode[0m[2m:[0m Benchmark decode: total_kv_reads=524288 batch_size=177
[2m2026-08-18T20:09:23.468513Z[0m [32m INFO[0m [2minstrumented_scheduler._bench_step_decode[0m[2m:[0m Benchmark decode: total_kv_reads=262144 batch_size=177
[2m2026-08-18T20:09:23.704585Z[0m [32m INFO[0m [2minstrumented_scheduler._bench_step_decode[0m[2m:[0m Benchmark decode: total_kv_reads=131072 batch_size=177
[2m2026-08-18T20:09:23.914674Z[0m [32m INFO[0m [2minstrumented_scheduler._bench_step_decode[0m[2m:[0m Benchmark decode: total_kv_reads=65536 batch_size=177
[2m2026-08-18T20:09:24.111682Z[0m [32m INFO[0m [2minstrumented_scheduler._bench_step_decode[0m[2m:[0m Benchmark decode: total_kv_reads=32768 batch_size=177
[2m2026-08-18T20:09:24.302326Z[0m [32m INFO[0m [2minstrumented_scheduler._bench_step_decode[0m[2m:[0m Benchmark decode: total_kv_reads=16384 batch_size=177
[2m2026-08-18T20:09:24.488802Z[0m [32m INFO[0m [2minstrumented_scheduler._bench_step_decode[0m[2m:[0m Benchmark decode: total_kv_reads=8192 batch_size=177
[2m2026-08-18T20:09:24.672988Z[0m [32m INFO[0m [2minstrumented_scheduler._bench_step_decode[0m[2m:[0m Benchmark decode: total_kv_reads=4096 batch_size=177
[2m2026-08-18T20:09:24.856758Z[0m [32m INFO[0m [2minstrumented_scheduler._bench_step_decode[0m[2m:[0m Benchmark decode: total_kv_reads=2048 batch_size=177
[2m2026-08-18T20:09:25.039436Z[0m [32m INFO[0m [2minstrumented_scheduler._bench_step_decode[0m[2m:[0m Benchmark decode: total_kv_reads=1024 batch_size=177
[2m2026-08-18T20:09:25.221878Z[0m [32m INFO[0m [2minstrumented_scheduler._bench_step_decode[0m[2m:[0m Benchmark decode: total_kv_reads=512 batch_size=177
[2m2026-08-18T20:09:25.402147Z[0m [32m INFO[0m [2minstrumented_scheduler._bench_step_decode[0m[2m:[0m Benchmark decode: total_kv_reads=354 batch_size=177
[2m2026-08-18T20:09:25.580297Z[0m [32m INFO[0m [2minstrumented_scheduler._bench_step_decode[0m[2m:[0m Benchmark decode: total_kv_reads=354 batch_size=177
[2m2026-08-18T20:09:26.994503Z[0m [32m INFO[0m [2minstrumented_scheduler._kvwarm_start_stage[0m[2m:[0m KVWARM: stage build batch=176 depth=7744
[2m2026-08-18T20:09:33.478669Z[0m [32m INFO[0m [2minstrumented_scheduler._kvwarm_monitor_build[0m[2m:[0m KVWARM: stage ready batch=176 (7.7s)
[2m2026-08-18T20:09:33.598692Z[0m [32m INFO[0m [2minstrumented_scheduler._bench_step_decode[0m[2m:[0m Benchmark decode: total_kv_reads=1048576 batch_size=176
[2m2026-08-18T20:09:33.977829Z[0m [32m INFO[0m [2minstrumented_scheduler._bench_step_decode[0m[2m:[0m Benchmark decode: total_kv_reads=524288 batch_size=176
[2m2026-08-18T20:09:34.258884Z[0m [32m INFO[0m [2minstrumented_scheduler._bench_step_decode[0m[2m:[0m Benchmark decode: total_kv_reads=262144 batch_size=176
[2m2026-08-18T20:09:34.489510Z[0m [32m INFO[0m [2minstrumented_scheduler._bench_step_decode[0m[2m:[0m Benchmark decode: total_kv_reads=131072 batch_size=176
[2m2026-08-18T20:09:34.695916Z[0m [32m INFO[0m [2minstrumented_scheduler._bench_step_decode[0m[2m:[0m Benchmark decode: total_kv_reads=65536 batch_size=176
[2m2026-08-18T20:09:34.887652Z[0m [32m INFO[0m [2minstrumented_scheduler._bench_step_decode[0m[2m:[0m Benchmark decode: total_kv_reads=32768 batch_size=176
[2m2026-08-18T20:09:35.073640Z[0m [32m INFO[0m [2minstrumented_scheduler._bench_step_decode[0m[2m:[0m Benchmark decode: total_kv_reads=16384 batch_size=176
[2m2026-08-18T20:09:35.257066Z[0m [32m INFO[0m [2minstrumented_scheduler._bench_step_decode[0m[2m:[0m Benchmark decode: total_kv_reads=8192 batch_size=176
[2m2026-08-18T20:09:35.436653Z[0m [32m INFO[0m [2minstrumented_scheduler._bench_step_decode[0m[2m:[0m Benchmark decode: total_kv_reads=4096 batch_size=176
[2m2026-08-18T20:09:35.615001Z[0m [32m INFO[0m [2minstrumented_scheduler._bench_step_decode[0m[2m:[0m Benchmark decode: total_kv_reads=2048 batch_size=176
[2m2026-08-18T20:09:35.792424Z[0m [32m INFO[0m [2minstrumented_scheduler._bench_step_decode[0m[2m:[0m Benchmark decode: total_kv_reads=1024 batch_size=176
[2m2026-08-18T20:09:35.969218Z[0m [32m INFO[0m [2minstrumented_scheduler._bench_step_decode[0m[2m:[0m Benchmark decode: total_kv_reads=512 batch_size=176
[2m2026-08-18T20:09:36.144380Z[0m [32m INFO[0m [2minstrumented_scheduler._bench_step_decode[0m[2m:[0m Benchmark decode: total_kv_reads=352 batch_size=176
[2m2026-08-18T20:09:36.316922Z[0m [32m INFO[0m [2minstrumented_scheduler._bench_step_decode[0m[2m:[0m Benchmark decode: total_kv_reads=352 batch_size=176
[2m2026-08-18T20:09:36.661584Z[0m [32m INFO[0m [2minstrumented_scheduler._kvwarm_start_stage[0m[2m:[0m KVWARM: stage build batch=169 depth=8064
[2m2026-08-18T20:10:34.941416Z[0m [32m INFO[0m [2minstrumented_scheduler._kvwarm_monitor_build[0m[2m:[0m KVWARM: stage ready batch=169 (58.4s)
[2m2026-08-18T20:10:35.105061Z[0m [32m INFO[0m [2minstrumented_scheduler._bench_step_decode[0m[2m:[0m Benchmark decode: total_kv_reads=1048576 batch_size=169
[2m2026-08-18T20:10:35.524876Z[0m [32m INFO[0m [2minstrumented_scheduler._bench_step_decode[0m[2m:[0m Benchmark decode: total_kv_reads=524288 batch_size=169
[2m2026-08-18T20:10:35.806982Z[0m [32m INFO[0m [2minstrumented_scheduler._bench_step_decode[0m[2m:[0m Benchmark decode: total_kv_reads=262144 batch_size=169
[2m2026-08-18T20:10:36.040586Z[0m [32m INFO[0m [2minstrumented_scheduler._bench_step_decode[0m[2m:[0m Benchmark decode: total_kv_reads=131072 batch_size=169
[2m2026-08-18T20:10:36.247317Z[0m [32m INFO[0m [2minstrumented_scheduler._bench_step_decode[0m[2m:[0m Benchmark decode: total_kv_reads=65536 batch_size=169
[2m2026-08-18T20:10:36.440385Z[0m [32m INFO[0m [2minstrumented_scheduler._bench_step_decode[0m[2m:[0m Benchmark decode: total_kv_reads=32768 batch_size=169
[2m2026-08-18T20:10:36.626839Z[0m [32m INFO[0m [2minstrumented_scheduler._bench_step_decode[0m[2m:[0m Benchmark decode: total_kv_reads=16384 batch_size=169
[2m2026-08-18T20:10:36.808720Z[0m [32m INFO[0m [2minstrumented_scheduler._bench_step_decode[0m[2m:[0m Benchmark decode: total_kv_reads=8192 batch_size=169
[2m2026-08-18T20:10:36.988712Z[0m [32m INFO[0m [2minstrumented_scheduler._bench_step_decode[0m[2m:[0m Benchmark decode: total_kv_reads=4096 batch_size=169
[2m2026-08-18T20:10:37.167396Z[0m [32m INFO[0m [2minstrumented_scheduler._bench_step_decode[0m[2m:[0m Benchmark decode: total_kv_reads=2048 batch_size=169
[2m2026-08-18T20:10:37.345050Z[0m [32m INFO[0m [2minstrumented_scheduler._bench_step_decode[0m[2m:[0m Benchmark decode: total_kv_reads=1024 batch_size=169
[2m2026-08-18T20:10:37.521800Z[0m [32m INFO[0m [2minstrumented_scheduler._bench_step_decode[0m[2m:[0m Benchmark decode: total_kv_reads=512 batch_size=169
[2m2026-08-18T20:10:37.697137Z[0m [32m INFO[0m [2minstrumented_scheduler._bench_step_decode[0m[2m:[0m Benchmark decode: total_kv_reads=338 batch_size=169
[2m2026-08-18T20:10:38.997060Z[0m [32m INFO[0m [2minstrumented_scheduler._bench_step_decode[0m[2m:[0m Benchmark decode: total_kv_reads=338 batch_size=169
[2m2026-08-18T20:10:39.282037Z[0m [32m INFO[0m [2minstrumented_scheduler._kvwarm_start_stage[0m[2m:[0m KVWARM: stage build batch=168 depth=8128
[2m2026-08-18T20:10:57.990441Z[0m [32m INFO[0m [2minstrumented_scheduler._kvwarm_monitor_build[0m[2m:[0m KVWARM: stage ready batch=168 (18.8s)
[2m2026-08-18T20:10:58.334104Z[0m [32m INFO[0m [2minstrumented_scheduler._bench_step_decode[0m[2m:[0m Benchmark decode: total_kv_reads=1048576 batch_size=168
[2m2026-08-18T20:10:58.732831Z[0m [32m INFO[0m [2minstrumented_scheduler._bench_step_decode[0m[2m:[0m Benchmark decode: total_kv_reads=524288 batch_size=168
[2m2026-08-18T20:10:59.004527Z[0m [32m INFO[0m [2minstrumented_scheduler._bench_step_decode[0m[2m:[0m Benchmark decode: total_kv_reads=262144 batch_size=168
[2m2026-08-18T20:10:59.232424Z[0m [32m INFO[0m [2minstrumented_scheduler._bench_step_decode[0m[2m:[0m Benchmark decode: total_kv_reads=131072 batch_size=168
[2m2026-08-18T20:10:59.433043Z[0m [32m INFO[0m [2minstrumented_scheduler._bench_step_decode[0m[2m:[0m Benchmark decode: total_kv_reads=65536 batch_size=168
[2m2026-08-18T20:10:59.621659Z[0m [32m INFO[0m [2minstrumented_scheduler._bench_step_decode[0m[2m:[0m Benchmark decode: total_kv_reads=32768 batch_size=168
[2m2026-08-18T20:10:59.802552Z[0m [32m INFO[0m [2minstrumented_scheduler._bench_step_decode[0m[2m:[0m Benchmark decode: total_kv_reads=16384 batch_size=168
[2m2026-08-18T20:10:59.979418Z[0m [32m INFO[0m [2minstrumented_scheduler._bench_step_decode[0m[2m:[0m Benchmark decode: total_kv_reads=8192 batch_size=168
[2m2026-08-18T20:11:00.153319Z[0m [32m INFO[0m [2minstrumented_scheduler._bench_step_decode[0m[2m:[0m Benchmark decode: total_kv_reads=4096 batch_size=168
[2m2026-08-18T20:11:00.326573Z[0m [32m INFO[0m [2minstrumented_scheduler._bench_step_decode[0m[2m:[0m Benchmark decode: total_kv_reads=2048 batch_size=168
[2m2026-08-18T20:11:00.499053Z[0m [32m INFO[0m [2minstrumented_scheduler._bench_step_decode[0m[2m:[0m Benchmark decode: total_kv_reads=1024 batch_size=168
[2m2026-08-18T20:11:00.670621Z[0m [32m INFO[0m [2minstrumented_scheduler._bench_step_decode[0m[2m:[0m Benchmark decode: total_kv_reads=512 batch_size=168
[2m2026-08-18T20:11:00.841180Z[0m [32m INFO[0m [2minstrumented_scheduler._bench_step_decode[0m[2m:[0m Benchmark decode: total_kv_reads=336 batch_size=168
[2m2026-08-18T20:11:01.008751Z[0m [32m INFO[0m [2minstrumented_scheduler._bench_step_decode[0m[2m:[0m Benchmark decode: total_kv_reads=336 batch_size=168
[2m2026-08-18T20:11:01.379794Z[0m [32m INFO[0m [2minstrumented_scheduler._kvwarm_start_stage[0m[2m:[0m KVWARM: stage build batch=161 depth=8448
[2m2026-08-18T20:12:01.823837Z[0m [32m INFO[0m [2minstrumented_scheduler._kvwarm_monitor_build[0m[2m:[0m KVWARM: stage ready batch=161 (60.6s)
[2m2026-08-18T20:12:02.223623Z[0m [32m INFO[0m [2minstrumented_scheduler._bench_step_decode[0m[2m:[0m Benchmark decode: total_kv_reads=1048576 batch_size=161
[2m2026-08-18T20:12:02.619295Z[0m [32m INFO[0m [2minstrumented_scheduler._bench_step_decode[0m[2m:[0m Benchmark decode: total_kv_reads=524288 batch_size=161
[2m2026-08-18T20:12:02.890222Z[0m [32m INFO[0m [2minstrumented_scheduler._bench_step_decode[0m[2m:[0m Benchmark decode: total_kv_reads=262144 batch_size=161
[2m2026-08-18T20:12:03.121230Z[0m [32m INFO[0m [2minstrumented_scheduler._bench_step_decode[0m[2m:[0m Benchmark decode: total_kv_reads=131072 batch_size=161
[2m2026-08-18T20:12:03.322496Z[0m [32m INFO[0m [2minstrumented_scheduler._bench_step_decode[0m[2m:[0m Benchmark decode: total_kv_reads=65536 batch_size=161
[2m2026-08-18T20:12:03.511197Z[0m [32m INFO[0m [2minstrumented_scheduler._bench_step_decode[0m[2m:[0m Benchmark decode: total_kv_reads=32768 batch_size=161
[2m2026-08-18T20:12:03.692377Z[0m [32m INFO[0m [2minstrumented_scheduler._bench_step_decode[0m[2m:[0m Benchmark decode: total_kv_reads=16384 batch_size=161
[2m2026-08-18T20:12:03.869888Z[0m [32m INFO[0m [2minstrumented_scheduler._bench_step_decode[0m[2m:[0m Benchmark decode: total_kv_reads=8192 batch_size=161
[2m2026-08-18T20:12:04.044776Z[0m [32m INFO[0m [2minstrumented_scheduler._bench_step_decode[0m[2m:[0m Benchmark decode: total_kv_reads=4096 batch_size=161
[2m2026-08-18T20:12:04.218710Z[0m [32m INFO[0m [2minstrumented_scheduler._bench_step_decode[0m[2m:[0m Benchmark decode: total_kv_reads=2048 batch_size=161
[2m2026-08-18T20:12:04.391649Z[0m [32m INFO[0m [2minstrumented_scheduler._bench_step_decode[0m[2m:[0m Benchmark decode: total_kv_reads=1024 batch_size=161
[2m2026-08-18T20:12:04.563646Z[0m [32m INFO[0m [2minstrumented_scheduler._bench_step_decode[0m[2m:[0m Benchmark decode: total_kv_reads=512 batch_size=161
[2m2026-08-18T20:12:04.734464Z[0m [32m INFO[0m [2minstrumented_scheduler._bench_step_decode[0m[2m:[0m Benchmark decode: total_kv_reads=322 batch_size=161
[2m2026-08-18T20:12:04.902918Z[0m [32m INFO[0m [2minstrumented_scheduler._bench_step_decode[0m[2m:[0m Benchmark decode: total_kv_reads=322 batch_size=161
[2m2026-08-18T20:12:05.200281Z[0m [32m INFO[0m [2minstrumented_scheduler._kvwarm_start_stage[0m[2m:[0m KVWARM: stage build batch=160 depth=8512
[2m2026-08-18T20:12:10.838699Z[0m [32m INFO[0m [2minstrumented_scheduler._kvwarm_monitor_build[0m[2m:[0m KVWARM: stage ready batch=160 (5.8s)
[2m2026-08-18T20:12:10.983604Z[0m [32m INFO[0m [2minstrumented_scheduler._bench_step_decode[0m[2m:[0m Benchmark decode: total_kv_reads=1048576 batch_size=160
[2m2026-08-18T20:12:11.351737Z[0m [32m INFO[0m [2minstrumented_scheduler._bench_step_decode[0m[2m:[0m Benchmark decode: total_kv_reads=524288 batch_size=160
[2m2026-08-18T20:12:12.759295Z[0m [32m INFO[0m [2minstrumented_scheduler._bench_step_decode[0m[2m:[0m Benchmark decode: total_kv_reads=262144 batch_size=160
[2m2026-08-18T20:12:12.982693Z[0m [32m INFO[0m [2minstrumented_scheduler._bench_step_decode[0m[2m:[0m Benchmark decode: total_kv_reads=131072 batch_size=160
[2m2026-08-18T20:12:13.179804Z[0m [32m INFO[0m [2minstrumented_scheduler._bench_step_decode[0m[2m:[0m Benchmark decode: total_kv_reads=65536 batch_size=160
[2m2026-08-18T20:12:13.362796Z[0m [32m INFO[0m [2minstrumented_scheduler._bench_step_decode[0m[2m:[0m Benchmark decode: total_kv_reads=32768 batch_size=160
[2m2026-08-18T20:12:13.538986Z[0m [32m INFO[0m [2minstrumented_scheduler._bench_step_decode[0m[2m:[0m Benchmark decode: total_kv_reads=16384 batch_size=160
[2m2026-08-18T20:12:13.711051Z[0m [32m INFO[0m [2minstrumented_scheduler._bench_step_decode[0m[2m:[0m Benchmark decode: total_kv_reads=8192 batch_size=160
[2m2026-08-18T20:12:13.881227Z[0m [32m INFO[0m [2minstrumented_scheduler._bench_step_decode[0m[2m:[0m Benchmark decode: total_kv_reads=4096 batch_size=160
[2m2026-08-18T20:12:14.050448Z[0m [32m INFO[0m [2minstrumented_scheduler._bench_step_decode[0m[2m:[0m Benchmark decode: total_kv_reads=2048 batch_size=160
[2m2026-08-18T20:12:14.218496Z[0m [32m INFO[0m [2minstrumented_scheduler._bench_step_decode[0m[2m:[0m Benchmark decode: total_kv_reads=1024 batch_size=160
[2m2026-08-18T20:12:14.385812Z[0m [32m INFO[0m [2minstrumented_scheduler._bench_step_decode[0m[2m:[0m Benchmark decode: total_kv_reads=512 batch_size=160
[2m2026-08-18T20:12:14.551770Z[0m [32m INFO[0m [2minstrumented_scheduler._bench_step_decode[0m[2m:[0m Benchmark decode: total_kv_reads=320 batch_size=160
[2m2026-08-18T20:12:14.714628Z[0m [32m INFO[0m [2minstrumented_scheduler._bench_step_decode[0m[2m:[0m Benchmark decode: total_kv_reads=320 batch_size=160
[2m2026-08-18T20:12:15.052829Z[0m [32m INFO[0m [2minstrumented_scheduler._kvwarm_start_stage[0m[2m:[0m KVWARM: stage build batch=153 depth=8896
[2m2026-08-18T20:13:12.388153Z[0m [32m INFO[0m [2minstrumented_scheduler._kvwarm_monitor_build[0m[2m:[0m KVWARM: stage ready batch=153 (57.5s)
[2m2026-08-18T20:13:12.789477Z[0m [32m INFO[0m [2minstrumented_scheduler._bench_step_decode[0m[2m:[0m Benchmark decode: total_kv_reads=1048576 batch_size=153
[2m2026-08-18T20:13:13.178903Z[0m [32m INFO[0m [2minstrumented_scheduler._bench_step_decode[0m[2m:[0m Benchmark decode: total_kv_reads=524288 batch_size=153
[2m2026-08-18T20:13:13.463850Z[0m [32m INFO[0m [2minstrumented_scheduler._bench_step_decode[0m[2m:[0m Benchmark decode: total_kv_reads=262144 batch_size=153
[2m2026-08-18T20:13:13.685742Z[0m [32m INFO[0m [2minstrumented_scheduler._bench_step_decode[0m[2m:[0m Benchmark decode: total_kv_reads=131072 batch_size=153
[2m2026-08-18T20:13:13.884383Z[0m [32m INFO[0m [2minstrumented_scheduler._bench_step_decode[0m[2m:[0m Benchmark decode: total_kv_reads=65536 batch_size=153
[2m2026-08-18T20:13:14.068058Z[0m [32m INFO[0m [2minstrumented_scheduler._bench_step_decode[0m[2m:[0m Benchmark decode: total_kv_reads=32768 batch_size=153
[2m2026-08-18T20:13:14.244737Z[0m [32m INFO[0m [2minstrumented_scheduler._bench_step_decode[0m[2m:[0m Benchmark decode: total_kv_reads=16384 batch_size=153
[2m2026-08-18T20:13:14.416826Z[0m [32m INFO[0m [2minstrumented_scheduler._bench_step_decode[0m[2m:[0m Benchmark decode: total_kv_reads=8192 batch_size=153
[2m2026-08-18T20:13:14.587666Z[0m [32m INFO[0m [2minstrumented_scheduler._bench_step_decode[0m[2m:[0m Benchmark decode: total_kv_reads=4096 batch_size=153
[2m2026-08-18T20:13:14.757347Z[0m [32m INFO[0m [2minstrumented_scheduler._bench_step_decode[0m[2m:[0m Benchmark decode: total_kv_reads=2048 batch_size=153
[2m2026-08-18T20:13:14.926262Z[0m [32m INFO[0m [2minstrumented_scheduler._bench_step_decode[0m[2m:[0m Benchmark decode: total_kv_reads=1024 batch_size=153
[2m2026-08-18T20:13:15.094220Z[0m [32m INFO[0m [2minstrumented_scheduler._bench_step_decode[0m[2m:[0m Benchmark decode: total_kv_reads=512 batch_size=153
[2m2026-08-18T20:13:15.260908Z[0m [32m INFO[0m [2minstrumented_scheduler._bench_step_decode[0m[2m:[0m Benchmark decode: total_kv_reads=306 batch_size=153
[2m2026-08-18T20:13:15.425133Z[0m [32m INFO[0m [2minstrumented_scheduler._bench_step_decode[0m[2m:[0m Benchmark decode: total_kv_reads=306 batch_size=153
[2m2026-08-18T20:13:15.707859Z[0m [32m INFO[0m [2minstrumented_scheduler._kvwarm_start_stage[0m[2m:[0m KVWARM: stage build batch=152 depth=8960
[2m2026-08-18T20:13:22.642612Z[0m [32m INFO[0m [2minstrumented_scheduler._kvwarm_monitor_build[0m[2m:[0m KVWARM: stage ready batch=152 (7.0s)
[2m2026-08-18T20:13:22.852276Z[0m [32m INFO[0m [2minstrumented_scheduler._bench_step_decode[0m[2m:[0m Benchmark decode: total_kv_reads=1048576 batch_size=152
[2m2026-08-18T20:13:23.217367Z[0m [32m INFO[0m [2minstrumented_scheduler._bench_step_decode[0m[2m:[0m Benchmark decode: total_kv_reads=524288 batch_size=152
[2m2026-08-18T20:13:23.484037Z[0m [32m INFO[0m [2minstrumented_scheduler._bench_step_decode[0m[2m:[0m Benchmark decode: total_kv_reads=262144 batch_size=152
[2m2026-08-18T20:13:23.703326Z[0m [32m INFO[0m [2minstrumented_scheduler._bench_step_decode[0m[2m:[0m Benchmark decode: total_kv_reads=131072 batch_size=152
[2m2026-08-18T20:13:23.896860Z[0m [32m INFO[0m [2minstrumented_scheduler._bench_step_decode[0m[2m:[0m Benchmark decode: total_kv_reads=65536 batch_size=152
[2m2026-08-18T20:13:24.078178Z[0m [32m INFO[0m [2minstrumented_scheduler._bench_step_decode[0m[2m:[0m Benchmark decode: total_kv_reads=32768 batch_size=152
[2m2026-08-18T20:13:24.252256Z[0m [32m INFO[0m [2minstrumented_scheduler._bench_step_decode[0m[2m:[0m Benchmark decode: total_kv_reads=16384 batch_size=152
[2m2026-08-18T20:13:24.421827Z[0m [32m INFO[0m [2minstrumented_scheduler._bench_step_decode[0m[2m:[0m Benchmark decode: total_kv_reads=8192 batch_size=152
[2m2026-08-18T20:13:25.714692Z[0m [32m INFO[0m [2minstrumented_scheduler._bench_step_decode[0m[2m:[0m Benchmark decode: total_kv_reads=4096 batch_size=152
[2m2026-08-18T20:13:25.882041Z[0m [32m INFO[0m [2minstrumented_scheduler._bench_step_decode[0m[2m:[0m Benchmark decode: total_kv_reads=2048 batch_size=152
[2m2026-08-18T20:13:26.047750Z[0m [32m INFO[0m [2minstrumented_scheduler._bench_step_decode[0m[2m:[0m Benchmark decode: total_kv_reads=1024 batch_size=152
[2m2026-08-18T20:13:26.212339Z[0m [32m INFO[0m [2minstrumented_scheduler._bench_step_decode[0m[2m:[0m Benchmark decode: total_kv_reads=512 batch_size=152
[2m2026-08-18T20:13:26.376228Z[0m [32m INFO[0m [2minstrumented_scheduler._bench_step_decode[0m[2m:[0m Benchmark decode: total_kv_reads=304 batch_size=152
[2m2026-08-18T20:13:26.537426Z[0m [32m INFO[0m [2minstrumented_scheduler._bench_step_decode[0m[2m:[0m Benchmark decode: total_kv_reads=304 batch_size=152
[2m2026-08-18T20:13:26.894670Z[0m [32m INFO[0m [2minstrumented_scheduler._kvwarm_start_stage[0m[2m:[0m KVWARM: stage build batch=145 depth=9408
[2m2026-08-18T20:14:25.605502Z[0m [32m INFO[0m [2minstrumented_scheduler._kvwarm_monitor_build[0m[2m:[0m KVWARM: stage ready batch=145 (58.9s)
[2m2026-08-18T20:14:25.725166Z[0m [32m INFO[0m [2minstrumented_scheduler._bench_step_decode[0m[2m:[0m Benchmark decode: total_kv_reads=1048576 batch_size=145
[2m2026-08-18T20:14:26.116891Z[0m [32m INFO[0m [2minstrumented_scheduler._bench_step_decode[0m[2m:[0m Benchmark decode: total_kv_reads=524288 batch_size=145
[2m2026-08-18T20:14:26.374804Z[0m [32m INFO[0m [2minstrumented_scheduler._bench_step_decode[0m[2m:[0m Benchmark decode: total_kv_reads=262144 batch_size=145
[2m2026-08-18T20:14:26.591101Z[0m [32m INFO[0m [2minstrumented_scheduler._bench_step_decode[0m[2m:[0m Benchmark decode: total_kv_reads=131072 batch_size=145
[2m2026-08-18T20:14:26.782685Z[0m [32m INFO[0m [2minstrumented_scheduler._bench_step_decode[0m[2m:[0m Benchmark decode: total_kv_reads=65536 batch_size=145
[2m2026-08-18T20:14:26.962296Z[0m [32m INFO[0m [2minstrumented_scheduler._bench_step_decode[0m[2m:[0m Benchmark decode: total_kv_reads=32768 batch_size=145
[2m2026-08-18T20:14:27.135839Z[0m [32m INFO[0m [2minstrumented_scheduler._bench_step_decode[0m[2m:[0m Benchmark decode: total_kv_reads=16384 batch_size=145
[2m2026-08-18T20:14:27.305709Z[0m [32m INFO[0m [2minstrumented_scheduler._bench_step_decode[0m[2m:[0m Benchmark decode: total_kv_reads=8192 batch_size=145
[2m2026-08-18T20:14:27.473490Z[0m [32m INFO[0m [2minstrumented_scheduler._bench_step_decode[0m[2m:[0m Benchmark decode: total_kv_reads=4096 batch_size=145
[2m2026-08-18T20:14:27.640256Z[0m [32m INFO[0m [2minstrumented_scheduler._bench_step_decode[0m[2m:[0m Benchmark decode: total_kv_reads=2048 batch_size=145
[2m2026-08-18T20:14:27.805855Z[0m [32m INFO[0m [2minstrumented_scheduler._bench_step_decode[0m[2m:[0m Benchmark decode: total_kv_reads=1024 batch_size=145
[2m2026-08-18T20:14:27.970637Z[0m [32m INFO[0m [2minstrumented_scheduler._bench_step_decode[0m[2m:[0m Benchmark decode: total_kv_reads=512 batch_size=145
[2m2026-08-18T20:14:28.134756Z[0m [32m INFO[0m [2minstrumented_scheduler._bench_step_decode[0m[2m:[0m Benchmark decode: total_kv_reads=290 batch_size=145
[2m2026-08-18T20:14:28.295896Z[0m [32m INFO[0m [2minstrumented_scheduler._bench_step_decode[0m[2m:[0m Benchmark decode: total_kv_reads=290 batch_size=145
[2m2026-08-18T20:14:28.567924Z[0m [32m INFO[0m [2minstrumented_scheduler._kvwarm_start_stage[0m[2m:[0m KVWARM: stage build batch=144 depth=9472
[2m2026-08-18T20:14:46.531238Z[0m [32m INFO[0m [2minstrumented_scheduler._kvwarm_monitor_build[0m[2m:[0m KVWARM: stage ready batch=144 (18.1s)
[2m2026-08-18T20:14:46.648664Z[0m [32m INFO[0m [2minstrumented_scheduler._bench_step_decode[0m[2m:[0m Benchmark decode: total_kv_reads=1048576 batch_size=144
[2m2026-08-18T20:14:47.031740Z[0m [32m INFO[0m [2minstrumented_scheduler._bench_step_decode[0m[2m:[0m Benchmark decode: total_kv_reads=524288 batch_size=144
[2m2026-08-18T20:14:47.287928Z[0m [32m INFO[0m [2minstrumented_scheduler._bench_step_decode[0m[2m:[0m Benchmark decode: total_kv_reads=262144 batch_size=144
[2m2026-08-18T20:14:47.500116Z[0m [32m INFO[0m [2minstrumented_scheduler._bench_step_decode[0m[2m:[0m Benchmark decode: total_kv_reads=131072 batch_size=144
[2m2026-08-18T20:14:47.688456Z[0m [32m INFO[0m [2minstrumented_scheduler._bench_step_decode[0m[2m:[0m Benchmark decode: total_kv_reads=65536 batch_size=144
[2m2026-08-18T20:14:47.863903Z[0m [32m INFO[0m [2minstrumented_scheduler._bench_step_decode[0m[2m:[0m Benchmark decode: total_kv_reads=32768 batch_size=144
[2m2026-08-18T20:14:48.033917Z[0m [32m INFO[0m [2minstrumented_scheduler._bench_step_decode[0m[2m:[0m Benchmark decode: total_kv_reads=16384 batch_size=144
[2m2026-08-18T20:14:48.200185Z[0m [32m INFO[0m [2minstrumented_scheduler._bench_step_decode[0m[2m:[0m Benchmark decode: total_kv_reads=8192 batch_size=144
[2m2026-08-18T20:14:48.364197Z[0m [32m INFO[0m [2minstrumented_scheduler._bench_step_decode[0m[2m:[0m Benchmark decode: total_kv_reads=4096 batch_size=144
[2m2026-08-18T20:14:48.527033Z[0m [32m INFO[0m [2minstrumented_scheduler._bench_step_decode[0m[2m:[0m Benchmark decode: total_kv_reads=2048 batch_size=144
[2m2026-08-18T20:14:48.688844Z[0m [32m INFO[0m [2minstrumented_scheduler._bench_step_decode[0m[2m:[0m Benchmark decode: total_kv_reads=1024 batch_size=144
[2m2026-08-18T20:14:48.849120Z[0m [32m INFO[0m [2minstrumented_scheduler._bench_step_decode[0m[2m:[0m Benchmark decode: total_kv_reads=512 batch_size=144
[2m2026-08-18T20:14:49.009755Z[0m [32m INFO[0m [2minstrumented_scheduler._bench_step_decode[0m[2m:[0m Benchmark decode: total_kv_reads=288 batch_size=144
[2m2026-08-18T20:14:50.294421Z[0m [32m INFO[0m [2minstrumented_scheduler._bench_step_decode[0m[2m:[0m Benchmark decode: total_kv_reads=288 batch_size=144
[2m2026-08-18T20:14:50.661338Z[0m [32m INFO[0m [2minstrumented_scheduler._kvwarm_start_stage[0m[2m:[0m KVWARM: stage build batch=137 depth=9920
[2m2026-08-18T20:15:50.331376Z[0m [32m INFO[0m [2minstrumented_scheduler._kvwarm_monitor_build[0m[2m:[0m KVWARM: stage ready batch=137 (59.9s)
[2m2026-08-18T20:15:50.691444Z[0m [32m INFO[0m [2minstrumented_scheduler._bench_step_decode[0m[2m:[0m Benchmark decode: total_kv_reads=1048576 batch_size=137
[2m2026-08-18T20:15:51.100282Z[0m [32m INFO[0m [2minstrumented_scheduler._bench_step_decode[0m[2m:[0m Benchmark decode: total_kv_reads=524288 batch_size=137
[2m2026-08-18T20:15:51.353584Z[0m [32m INFO[0m [2minstrumented_scheduler._bench_step_decode[0m[2m:[0m Benchmark decode: total_kv_reads=262144 batch_size=137
[2m2026-08-18T20:15:51.566185Z[0m [32m INFO[0m [2minstrumented_scheduler._bench_step_decode[0m[2m:[0m Benchmark decode: total_kv_reads=131072 batch_size=137
[2m2026-08-18T20:15:51.754137Z[0m [32m INFO[0m [2minstrumented_scheduler._bench_step_decode[0m[2m:[0m Benchmark decode: total_kv_reads=65536 batch_size=137
[2m2026-08-18T20:15:51.930318Z[0m [32m INFO[0m [2minstrumented_scheduler._bench_step_decode[0m[2m:[0m Benchmark decode: total_kv_reads=32768 batch_size=137
[2m2026-08-18T20:15:52.100986Z[0m [32m INFO[0m [2minstrumented_scheduler._bench_step_decode[0m[2m:[0m Benchmark decode: total_kv_reads=16384 batch_size=137
[2m2026-08-18T20:15:52.268001Z[0m [32m INFO[0m [2minstrumented_scheduler._bench_step_decode[0m[2m:[0m Benchmark decode: total_kv_reads=8192 batch_size=137
[2m2026-08-18T20:15:52.437770Z[0m [32m INFO[0m [2minstrumented_scheduler._bench_step_decode[0m[2m:[0m Benchmark decode: total_kv_reads=4096 batch_size=137
[2m2026-08-18T20:15:52.601207Z[0m [32m INFO[0m [2minstrumented_scheduler._bench_step_decode[0m[2m:[0m Benchmark decode: total_kv_reads=2048 batch_size=137
[2m2026-08-18T20:15:52.763390Z[0m [32m INFO[0m [2minstrumented_scheduler._bench_step_decode[0m[2m:[0m Benchmark decode: total_kv_reads=1024 batch_size=137
[2m2026-08-18T20:15:52.924705Z[0m [32m INFO[0m [2minstrumented_scheduler._bench_step_decode[0m[2m:[0m Benchmark decode: total_kv_reads=512 batch_size=137
[2m2026-08-18T20:15:53.084997Z[0m [32m INFO[0m [2minstrumented_scheduler._bench_step_decode[0m[2m:[0m Benchmark decode: total_kv_reads=274 batch_size=137
[2m2026-08-18T20:15:53.241977Z[0m [32m INFO[0m [2minstrumented_scheduler._bench_step_decode[0m[2m:[0m Benchmark decode: total_kv_reads=274 batch_size=137
[2m2026-08-18T20:15:53.532120Z[0m [32m INFO[0m [2minstrumented_scheduler._kvwarm_start_stage[0m[2m:[0m KVWARM: stage build batch=136 depth=10048
[2m2026-08-18T20:16:13.111747Z[0m [32m INFO[0m [2minstrumented_scheduler._kvwarm_monitor_build[0m[2m:[0m KVWARM: stage ready batch=136 (19.7s)
[2m2026-08-18T20:16:13.229265Z[0m [32m INFO[0m [2minstrumented_scheduler._bench_step_decode[0m[2m:[0m Benchmark decode: total_kv_reads=1048576 batch_size=136
[2m2026-08-18T20:16:13.614715Z[0m [32m INFO[0m [2minstrumented_scheduler._bench_step_decode[0m[2m:[0m Benchmark decode: total_kv_reads=524288 batch_size=136
[2m2026-08-18T20:16:13.863017Z[0m [32m INFO[0m [2minstrumented_scheduler._bench_step_decode[0m[2m:[0m Benchmark decode: total_kv_reads=262144 batch_size=136
[2m2026-08-18T20:16:14.077360Z[0m [32m INFO[0m [2minstrumented_scheduler._bench_step_decode[0m[2m:[0m Benchmark decode: total_kv_reads=131072 batch_size=136
[2m2026-08-18T20:16:14.261138Z[0m [32m INFO[0m [2minstrumented_scheduler._bench_step_decode[0m[2m:[0m Benchmark decode: total_kv_reads=65536 batch_size=136
[2m2026-08-18T20:16:14.432629Z[0m [32m INFO[0m [2minstrumented_scheduler._bench_step_decode[0m[2m:[0m Benchmark decode: total_kv_reads=32768 batch_size=136
[2m2026-08-18T20:16:14.598929Z[0m [32m INFO[0m [2minstrumented_scheduler._bench_step_decode[0m[2m:[0m Benchmark decode: total_kv_reads=16384 batch_size=136
[2m2026-08-18T20:16:14.761576Z[0m [32m INFO[0m [2minstrumented_scheduler._bench_step_decode[0m[2m:[0m Benchmark decode: total_kv_reads=8192 batch_size=136
[2m2026-08-18T20:16:14.922612Z[0m [32m INFO[0m [2minstrumented_scheduler._bench_step_decode[0m[2m:[0m Benchmark decode: total_kv_reads=4096 batch_size=136
[2m2026-08-18T20:16:15.082286Z[0m [32m INFO[0m [2minstrumented_scheduler._bench_step_decode[0m[2m:[0m Benchmark decode: total_kv_reads=2048 batch_size=136
[2m2026-08-18T20:16:15.241252Z[0m [32m INFO[0m [2minstrumented_scheduler._bench_step_decode[0m[2m:[0m Benchmark decode: total_kv_reads=1024 batch_size=136
[2m2026-08-18T20:16:15.398513Z[0m [32m INFO[0m [2minstrumented_scheduler._bench_step_decode[0m[2m:[0m Benchmark decode: total_kv_reads=512 batch_size=136
[2m2026-08-18T20:16:15.555387Z[0m [32m INFO[0m [2minstrumented_scheduler._bench_step_decode[0m[2m:[0m Benchmark decode: total_kv_reads=272 batch_size=136
[2m2026-08-18T20:16:15.709833Z[0m [32m INFO[0m [2minstrumented_scheduler._bench_step_decode[0m[2m:[0m Benchmark decode: total_kv_reads=272 batch_size=136
[2m2026-08-18T20:16:16.071572Z[0m [32m INFO[0m [2minstrumented_scheduler._kvwarm_start_stage[0m[2m:[0m KVWARM: stage build batch=129 depth=10560
[2m2026-08-18T20:17:19.208003Z[0m [32m INFO[0m [2minstrumented_scheduler._kvwarm_monitor_build[0m[2m:[0m KVWARM: stage ready batch=129 (63.3s)
[2m2026-08-18T20:17:19.258594Z[0m [32m INFO[0m [2minstrumented_scheduler._bench_step_decode[0m[2m:[0m Benchmark decode: total_kv_reads=1048576 batch_size=129
[2m2026-08-18T20:17:19.687332Z[0m [32m INFO[0m [2minstrumented_scheduler._bench_step_decode[0m[2m:[0m Benchmark decode: total_kv_reads=524288 batch_size=129
[2m2026-08-18T20:17:19.937753Z[0m [32m INFO[0m [2minstrumented_scheduler._bench_step_decode[0m[2m:[0m Benchmark decode: total_kv_reads=262144 batch_size=129
[2m2026-08-18T20:17:20.152369Z[0m [32m INFO[0m [2minstrumented_scheduler._bench_step_decode[0m[2m:[0m Benchmark decode: total_kv_reads=131072 batch_size=129
[2m2026-08-18T20:17:20.337525Z[0m [32m INFO[0m [2minstrumented_scheduler._bench_step_decode[0m[2m:[0m Benchmark decode: total_kv_reads=65536 batch_size=129
[2m2026-08-18T20:17:20.510228Z[0m [32m INFO[0m [2minstrumented_scheduler._bench_step_decode[0m[2m:[0m Benchmark decode: total_kv_reads=32768 batch_size=129
[2m2026-08-18T20:17:20.677134Z[0m [32m INFO[0m [2minstrumented_scheduler._bench_step_decode[0m[2m:[0m Benchmark decode: total_kv_reads=16384 batch_size=129
[2m2026-08-18T20:17:20.840222Z[0m [32m INFO[0m [2minstrumented_scheduler._bench_step_decode[0m[2m:[0m Benchmark decode: total_kv_reads=8192 batch_size=129
[2m2026-08-18T20:17:21.001666Z[0m [32m INFO[0m [2minstrumented_scheduler._bench_step_decode[0m[2m:[0m Benchmark decode: total_kv_reads=4096 batch_size=129
[2m2026-08-18T20:17:21.161899Z[0m [32m INFO[0m [2minstrumented_scheduler._bench_step_decode[0m[2m:[0m Benchmark decode: total_kv_reads=2048 batch_size=129
[2m2026-08-18T20:17:21.321056Z[0m [32m INFO[0m [2minstrumented_scheduler._bench_step_decode[0m[2m:[0m Benchmark decode: total_kv_reads=1024 batch_size=129
[2m2026-08-18T20:17:21.479164Z[0m [32m INFO[0m [2minstrumented_scheduler._bench_step_decode[0m[2m:[0m Benchmark decode: total_kv_reads=512 batch_size=129
[2m2026-08-18T20:17:21.636549Z[0m [32m INFO[0m [2minstrumented_scheduler._bench_step_decode[0m[2m:[0m Benchmark decode: total_kv_reads=258 batch_size=129
[2m2026-08-18T20:17:21.791186Z[0m [32m INFO[0m [2minstrumented_scheduler._bench_step_decode[0m[2m:[0m Benchmark decode: total_kv_reads=258 batch_size=129
[2m2026-08-18T20:17:22.062711Z[0m [32m INFO[0m [2minstrumented_scheduler._kvwarm_start_stage[0m[2m:[0m KVWARM: stage build batch=128 depth=10624
[2m2026-08-18T20:17:27.733704Z[0m [32m INFO[0m [2minstrumented_scheduler._kvwarm_monitor_build[0m[2m:[0m KVWARM: stage ready batch=128 (5.8s)
[2m2026-08-18T20:17:27.952325Z[0m [32m INFO[0m [2minstrumented_scheduler._bench_step_decode[0m[2m:[0m Benchmark decode: total_kv_reads=1048576 batch_size=128
[2m2026-08-18T20:17:28.291516Z[0m [32m INFO[0m [2minstrumented_scheduler._bench_step_decode[0m[2m:[0m Benchmark decode: total_kv_reads=524288 batch_size=128
[2m2026-08-18T20:17:28.535928Z[0m [32m INFO[0m [2minstrumented_scheduler._bench_step_decode[0m[2m:[0m Benchmark decode: total_kv_reads=262144 batch_size=128
[2m2026-08-18T20:17:29.877131Z[0m [32m INFO[0m [2minstrumented_scheduler._bench_step_decode[0m[2m:[0m Benchmark decode: total_kv_reads=131072 batch_size=128
[2m2026-08-18T20:17:30.059796Z[0m [32m INFO[0m [2minstrumented_scheduler._bench_step_decode[0m[2m:[0m Benchmark decode: total_kv_reads=65536 batch_size=128
[2m2026-08-18T20:17:30.230633Z[0m [32m INFO[0m [2minstrumented_scheduler._bench_step_decode[0m[2m:[0m Benchmark decode: total_kv_reads=32768 batch_size=128
[2m2026-08-18T20:17:30.394828Z[0m [32m INFO[0m [2minstrumented_scheduler._bench_step_decode[0m[2m:[0m Benchmark decode: total_kv_reads=16384 batch_size=128
[2m2026-08-18T20:17:30.555389Z[0m [32m INFO[0m [2minstrumented_scheduler._bench_step_decode[0m[2m:[0m Benchmark decode: total_kv_reads=8192 batch_size=128
[2m2026-08-18T20:17:30.714023Z[0m [32m INFO[0m [2minstrumented_scheduler._bench_step_decode[0m[2m:[0m Benchmark decode: total_kv_reads=4096 batch_size=128
[2m2026-08-18T20:17:30.871271Z[0m [32m INFO[0m [2minstrumented_scheduler._bench_step_decode[0m[2m:[0m Benchmark decode: total_kv_reads=2048 batch_size=128
[2m2026-08-18T20:17:31.027146Z[0m [32m INFO[0m [2minstrumented_scheduler._bench_step_decode[0m[2m:[0m Benchmark decode: total_kv_reads=1024 batch_size=128
[2m2026-08-18T20:17:31.181741Z[0m [32m INFO[0m [2minstrumented_scheduler._bench_step_decode[0m[2m:[0m Benchmark decode: total_kv_reads=512 batch_size=128
[2m2026-08-18T20:17:31.335731Z[0m [32m INFO[0m [2minstrumented_scheduler._bench_step_decode[0m[2m:[0m Benchmark decode: total_kv_reads=256 batch_size=128
[2m2026-08-18T20:17:31.486846Z[0m [32m INFO[0m [2minstrumented_scheduler._bench_step_decode[0m[2m:[0m Benchmark decode: total_kv_reads=256 batch_size=128
[2m2026-08-18T20:17:31.851317Z[0m [32m INFO[0m [2minstrumented_scheduler._kvwarm_start_stage[0m[2m:[0m KVWARM: stage build batch=121 depth=11264
[2m2026-08-18T20:18:29.802095Z[0m [32m INFO[0m [2minstrumented_scheduler._kvwarm_monitor_build[0m[2m:[0m KVWARM: stage ready batch=121 (58.2s)
[2m2026-08-18T20:18:30.211544Z[0m [32m INFO[0m [2minstrumented_scheduler._bench_step_decode[0m[2m:[0m Benchmark decode: total_kv_reads=1048576 batch_size=121
[2m2026-08-18T20:18:30.620703Z[0m [32m INFO[0m [2minstrumented_scheduler._bench_step_decode[0m[2m:[0m Benchmark decode: total_kv_reads=524288 batch_size=121
[2m2026-08-18T20:18:30.870065Z[0m [32m INFO[0m [2minstrumented_scheduler._bench_step_decode[0m[2m:[0m Benchmark decode: total_kv_reads=262144 batch_size=121
[2m2026-08-18T20:18:31.075004Z[0m [32m INFO[0m [2minstrumented_scheduler._bench_step_decode[0m[2m:[0m Benchmark decode: total_kv_reads=131072 batch_size=121
[2m2026-08-18T20:18:31.257979Z[0m [32m INFO[0m [2minstrumented_scheduler._bench_step_decode[0m[2m:[0m Benchmark decode: total_kv_reads=65536 batch_size=121
[2m2026-08-18T20:18:31.427874Z[0m [32m INFO[0m [2minstrumented_scheduler._bench_step_decode[0m[2m:[0m Benchmark decode: total_kv_reads=32768 batch_size=121
[2m2026-08-18T20:18:31.591499Z[0m [32m INFO[0m [2minstrumented_scheduler._bench_step_decode[0m[2m:[0m Benchmark decode: total_kv_reads=16384 batch_size=121
[2m2026-08-18T20:18:31.753042Z[0m [32m INFO[0m [2minstrumented_scheduler._bench_step_decode[0m[2m:[0m Benchmark decode: total_kv_reads=8192 batch_size=121
[2m2026-08-18T20:18:31.911804Z[0m [32m INFO[0m [2minstrumented_scheduler._bench_step_decode[0m[2m:[0m Benchmark decode: total_kv_reads=4096 batch_size=121
[2m2026-08-18T20:18:32.068623Z[0m [32m INFO[0m [2minstrumented_scheduler._bench_step_decode[0m[2m:[0m Benchmark decode: total_kv_reads=2048 batch_size=121
[2m2026-08-18T20:18:32.225108Z[0m [32m INFO[0m [2minstrumented_scheduler._bench_step_decode[0m[2m:[0m Benchmark decode: total_kv_reads=1024 batch_size=121
[2m2026-08-18T20:18:32.380351Z[0m [32m INFO[0m [2minstrumented_scheduler._bench_step_decode[0m[2m:[0m Benchmark decode: total_kv_reads=512 batch_size=121
[2m2026-08-18T20:18:32.534620Z[0m [32m INFO[0m [2minstrumented_scheduler._bench_step_decode[0m[2m:[0m Benchmark decode: total_kv_reads=256 batch_size=121
[2m2026-08-18T20:18:32.686806Z[0m [32m INFO[0m [2minstrumented_scheduler._bench_step_decode[0m[2m:[0m Benchmark decode: total_kv_reads=242 batch_size=121
[2m2026-08-18T20:18:32.838232Z[0m [32m INFO[0m [2minstrumented_scheduler._bench_step_decode[0m[2m:[0m Benchmark decode: total_kv_reads=242 batch_size=121
[2m2026-08-18T20:18:33.076945Z[0m [32m INFO[0m [2minstrumented_scheduler._kvwarm_start_stage[0m[2m:[0m KVWARM: stage build batch=120 depth=11328
[2m2026-08-18T20:18:39.180273Z[0m [32m INFO[0m [2minstrumented_scheduler._kvwarm_monitor_build[0m[2m:[0m KVWARM: stage ready batch=120 (6.2s)
[2m2026-08-18T20:18:39.522131Z[0m [32m INFO[0m [2minstrumented_scheduler._bench_step_decode[0m[2m:[0m Benchmark decode: total_kv_reads=1048576 batch_size=120
[2m2026-08-18T20:18:39.874153Z[0m [32m INFO[0m [2minstrumented_scheduler._bench_step_decode[0m[2m:[0m Benchmark decode: total_kv_reads=524288 batch_size=120
[2m2026-08-18T20:18:40.130920Z[0m [32m INFO[0m [2minstrumented_scheduler._bench_step_decode[0m[2m:[0m Benchmark decode: total_kv_reads=262144 batch_size=120
[2m2026-08-18T20:18:40.333165Z[0m [32m INFO[0m [2minstrumented_scheduler._bench_step_decode[0m[2m:[0m Benchmark decode: total_kv_reads=131072 batch_size=120
[2m2026-08-18T20:18:40.512002Z[0m [32m INFO[0m [2minstrumented_scheduler._bench_step_decode[0m[2m:[0m Benchmark decode: total_kv_reads=65536 batch_size=120
[2m2026-08-18T20:18:40.679033Z[0m [32m INFO[0m [2minstrumented_scheduler._bench_step_decode[0m[2m:[0m Benchmark decode: total_kv_reads=32768 batch_size=120
[2m2026-08-18T20:18:40.839998Z[0m [32m INFO[0m [2minstrumented_scheduler._bench_step_decode[0m[2m:[0m Benchmark decode: total_kv_reads=16384 batch_size=120
[2m2026-08-18T20:18:40.998528Z[0m [32m INFO[0m [2minstrumented_scheduler._bench_step_decode[0m[2m:[0m Benchmark decode: total_kv_reads=8192 batch_size=120
[2m2026-08-18T20:18:41.154626Z[0m [32m INFO[0m [2minstrumented_scheduler._bench_step_decode[0m[2m:[0m Benchmark decode: total_kv_reads=4096 batch_size=120
[2m2026-08-18T20:18:41.308831Z[0m [32m INFO[0m [2minstrumented_scheduler._bench_step_decode[0m[2m:[0m Benchmark decode: total_kv_reads=2048 batch_size=120
[2m2026-08-18T20:18:41.462059Z[0m [32m INFO[0m [2minstrumented_scheduler._bench_step_decode[0m[2m:[0m Benchmark decode: total_kv_reads=1024 batch_size=120
[2m2026-08-18T20:18:41.614190Z[0m [32m INFO[0m [2minstrumented_scheduler._bench_step_decode[0m[2m:[0m Benchmark decode: total_kv_reads=512 batch_size=120
[2m2026-08-18T20:18:41.765083Z[0m [32m INFO[0m [2minstrumented_scheduler._bench_step_decode[0m[2m:[0m Benchmark decode: total_kv_reads=256 batch_size=120
[2m2026-08-18T20:18:41.913902Z[0m [32m INFO[0m [2minstrumented_scheduler._bench_step_decode[0m[2m:[0m Benchmark decode: total_kv_reads=240 batch_size=120
[2m2026-08-18T20:18:42.062397Z[0m [32m INFO[0m [2minstrumented_scheduler._bench_step_decode[0m[2m:[0m Benchmark decode: total_kv_reads=240 batch_size=120
[2m2026-08-18T20:18:42.460254Z[0m [32m INFO[0m [2minstrumented_scheduler._kvwarm_start_stage[0m[2m:[0m KVWARM: stage build batch=113 depth=12032
[2m2026-08-18T20:19:40.178967Z[0m [32m INFO[0m [2minstrumented_scheduler._kvwarm_monitor_build[0m[2m:[0m KVWARM: stage ready batch=113 (58.0s)
[2m2026-08-18T20:19:40.437165Z[0m [32m INFO[0m [2minstrumented_scheduler._bench_step_decode[0m[2m:[0m Benchmark decode: total_kv_reads=1048576 batch_size=113
[2m2026-08-18T20:19:40.840708Z[0m [32m INFO[0m [2minstrumented_scheduler._bench_step_decode[0m[2m:[0m Benchmark decode: total_kv_reads=524288 batch_size=113
[2m2026-08-18T20:19:41.086690Z[0m [32m INFO[0m [2minstrumented_scheduler._bench_step_decode[0m[2m:[0m Benchmark decode: total_kv_reads=262144 batch_size=113
[2m2026-08-18T20:19:41.308619Z[0m [32m INFO[0m [2minstrumented_scheduler._bench_step_decode[0m[2m:[0m Benchmark decode: total_kv_reads=131072 batch_size=113
[2m2026-08-18T20:19:41.489662Z[0m [32m INFO[0m [2minstrumented_scheduler._bench_step_decode[0m[2m:[0m Benchmark decode: total_kv_reads=65536 batch_size=113
[2m2026-08-18T20:19:41.657594Z[0m [32m INFO[0m [2minstrumented_scheduler._bench_step_decode[0m[2m:[0m Benchmark decode: total_kv_reads=32768 batch_size=113
[2m2026-08-18T20:19:41.818996Z[0m [32m INFO[0m [2minstrumented_scheduler._bench_step_decode[0m[2m:[0m Benchmark decode: total_kv_reads=16384 batch_size=113
[2m2026-08-18T20:19:41.977591Z[0m [32m INFO[0m [2minstrumented_scheduler._bench_step_decode[0m[2m:[0m Benchmark decode: total_kv_reads=8192 batch_size=113
[2m2026-08-18T20:19:42.133869Z[0m [32m INFO[0m [2minstrumented_scheduler._bench_step_decode[0m[2m:[0m Benchmark decode: total_kv_reads=4096 batch_size=113
[2m2026-08-18T20:19:42.288193Z[0m [32m INFO[0m [2minstrumented_scheduler._bench_step_decode[0m[2m:[0m Benchmark decode: total_kv_reads=2048 batch_size=113
[2m2026-08-18T20:19:42.441476Z[0m [32m INFO[0m [2minstrumented_scheduler._bench_step_decode[0m[2m:[0m Benchmark decode: total_kv_reads=1024 batch_size=113
[2m2026-08-18T20:19:42.594388Z[0m [32m INFO[0m [2minstrumented_scheduler._bench_step_decode[0m[2m:[0m Benchmark decode: total_kv_reads=512 batch_size=113
[2m2026-08-18T20:19:43.881723Z[0m [32m INFO[0m [2minstrumented_scheduler._bench_step_decode[0m[2m:[0m Benchmark decode: total_kv_reads=256 batch_size=113
[2m2026-08-18T20:19:44.032292Z[0m [32m INFO[0m [2minstrumented_scheduler._bench_step_decode[0m[2m:[0m Benchmark decode: total_kv_reads=226 batch_size=113
[2m2026-08-18T20:19:44.181363Z[0m [32m INFO[0m [2minstrumented_scheduler._bench_step_decode[0m[2m:[0m Benchmark decode: total_kv_reads=226 batch_size=113
[2m2026-08-18T20:19:44.449239Z[0m [32m INFO[0m [2minstrumented_scheduler._kvwarm_start_stage[0m[2m:[0m KVWARM: stage build batch=112 depth=12160
[2m2026-08-18T20:19:55.269491Z[0m [32m INFO[0m [2minstrumented_scheduler._kvwarm_monitor_build[0m[2m:[0m KVWARM: stage ready batch=112 (10.9s)
[2m2026-08-18T20:19:55.626207Z[0m [32m INFO[0m [2minstrumented_scheduler._bench_step_decode[0m[2m:[0m Benchmark decode: total_kv_reads=1048576 batch_size=112
[2m2026-08-18T20:19:55.969769Z[0m [32m INFO[0m [2minstrumented_scheduler._bench_step_decode[0m[2m:[0m Benchmark decode: total_kv_reads=524288 batch_size=112
[2m2026-08-18T20:19:56.210582Z[0m [32m INFO[0m [2minstrumented_scheduler._bench_step_decode[0m[2m:[0m Benchmark decode: total_kv_reads=262144 batch_size=112
[2m2026-08-18T20:19:56.420143Z[0m [32m INFO[0m [2minstrumented_scheduler._bench_step_decode[0m[2m:[0m Benchmark decode: total_kv_reads=131072 batch_size=112
[2m2026-08-18T20:19:56.597141Z[0m [32m INFO[0m [2minstrumented_scheduler._bench_step_decode[0m[2m:[0m Benchmark decode: total_kv_reads=65536 batch_size=112
[2m2026-08-18T20:19:56.761638Z[0m [32m INFO[0m [2minstrumented_scheduler._bench_step_decode[0m[2m:[0m Benchmark decode: total_kv_reads=32768 batch_size=112
[2m2026-08-18T20:19:56.920277Z[0m [32m INFO[0m [2minstrumented_scheduler._bench_step_decode[0m[2m:[0m Benchmark decode: total_kv_reads=16384 batch_size=112
[2m2026-08-18T20:19:57.076832Z[0m [32m INFO[0m [2minstrumented_scheduler._bench_step_decode[0m[2m:[0m Benchmark decode: total_kv_reads=8192 batch_size=112
[2m2026-08-18T20:19:57.230496Z[0m [32m INFO[0m [2minstrumented_scheduler._bench_step_decode[0m[2m:[0m Benchmark decode: total_kv_reads=4096 batch_size=112
[2m2026-08-18T20:19:57.382345Z[0m [32m INFO[0m [2minstrumented_scheduler._bench_step_decode[0m[2m:[0m Benchmark decode: total_kv_reads=2048 batch_size=112
[2m2026-08-18T20:19:57.533259Z[0m [32m INFO[0m [2minstrumented_scheduler._bench_step_decode[0m[2m:[0m Benchmark decode: total_kv_reads=1024 batch_size=112
[2m2026-08-18T20:19:57.683109Z[0m [32m INFO[0m [2minstrumented_scheduler._bench_step_decode[0m[2m:[0m Benchmark decode: total_kv_reads=512 batch_size=112
[2m2026-08-18T20:19:57.832366Z[0m [32m INFO[0m [2minstrumented_scheduler._bench_step_decode[0m[2m:[0m Benchmark decode: total_kv_reads=256 batch_size=112
[2m2026-08-18T20:19:57.979374Z[0m [32m INFO[0m [2minstrumented_scheduler._bench_step_decode[0m[2m:[0m Benchmark decode: total_kv_reads=224 batch_size=112
[2m2026-08-18T20:19:58.125404Z[0m [32m INFO[0m [2minstrumented_scheduler._bench_step_decode[0m[2m:[0m Benchmark decode: total_kv_reads=224 batch_size=112
[2m2026-08-18T20:19:58.498744Z[0m [32m INFO[0m [2minstrumented_scheduler._kvwarm_start_stage[0m[2m:[0m KVWARM: stage build batch=105 depth=12992
[2m2026-08-18T20:20:59.294514Z[0m [32m INFO[0m [2minstrumented_scheduler._kvwarm_monitor_build[0m[2m:[0m KVWARM: stage ready batch=105 (61.0s)
[2m2026-08-18T20:20:59.428246Z[0m [32m INFO[0m [2minstrumented_scheduler._bench_step_decode[0m[2m:[0m Benchmark decode: total_kv_reads=1048576 batch_size=105
[2m2026-08-18T20:20:59.802297Z[0m [32m INFO[0m [2minstrumented_scheduler._bench_step_decode[0m[2m:[0m Benchmark decode: total_kv_reads=524288 batch_size=105
[2m2026-08-18T20:21:00.044806Z[0m [32m INFO[0m [2minstrumented_scheduler._bench_step_decode[0m[2m:[0m Benchmark decode: total_kv_reads=262144 batch_size=105
[2m2026-08-18T20:21:00.262924Z[0m [32m INFO[0m [2minstrumented_scheduler._bench_step_decode[0m[2m:[0m Benchmark decode: total_kv_reads=131072 batch_size=105
[2m2026-08-18T20:21:00.440425Z[0m [32m INFO[0m [2minstrumented_scheduler._bench_step_decode[0m[2m:[0m Benchmark decode: total_kv_reads=65536 batch_size=105
[2m2026-08-18T20:21:00.605293Z[0m [32m INFO[0m [2minstrumented_scheduler._bench_step_decode[0m[2m:[0m Benchmark decode: total_kv_reads=32768 batch_size=105
[2m2026-08-18T20:21:00.763882Z[0m [32m INFO[0m [2minstrumented_scheduler._bench_step_decode[0m[2m:[0m Benchmark decode: total_kv_reads=16384 batch_size=105
[2m2026-08-18T20:21:00.920073Z[0m [32m INFO[0m [2minstrumented_scheduler._bench_step_decode[0m[2m:[0m Benchmark decode: total_kv_reads=8192 batch_size=105
[2m2026-08-18T20:21:01.073682Z[0m [32m INFO[0m [2minstrumented_scheduler._bench_step_decode[0m[2m:[0m Benchmark decode: total_kv_reads=4096 batch_size=105
[2m2026-08-18T20:21:01.225757Z[0m [32m INFO[0m [2minstrumented_scheduler._bench_step_decode[0m[2m:[0m Benchmark decode: total_kv_reads=2048 batch_size=105
[2m2026-08-18T20:21:01.377023Z[0m [32m INFO[0m [2minstrumented_scheduler._bench_step_decode[0m[2m:[0m Benchmark decode: total_kv_reads=1024 batch_size=105
[2m2026-08-18T20:21:01.527237Z[0m [32m INFO[0m [2minstrumented_scheduler._bench_step_decode[0m[2m:[0m Benchmark decode: total_kv_reads=512 batch_size=105
[2m2026-08-18T20:21:01.676928Z[0m [32m INFO[0m [2minstrumented_scheduler._bench_step_decode[0m[2m:[0m Benchmark decode: total_kv_reads=256 batch_size=105
[2m2026-08-18T20:21:01.825345Z[0m [32m INFO[0m [2minstrumented_scheduler._bench_step_decode[0m[2m:[0m Benchmark decode: total_kv_reads=210 batch_size=105
[2m2026-08-18T20:21:01.971945Z[0m [32m INFO[0m [2minstrumented_scheduler._bench_step_decode[0m[2m:[0m Benchmark decode: total_kv_reads=210 batch_size=105
[2m2026-08-18T20:21:02.240864Z[0m [32m INFO[0m [2minstrumented_scheduler._kvwarm_start_stage[0m[2m:[0m KVWARM: stage build batch=104 depth=13120
[2m2026-08-18T20:21:25.885471Z[0m [32m INFO[0m [2minstrumented_scheduler._kvwarm_monitor_build[0m[2m:[0m KVWARM: stage ready batch=104 (23.8s)
[2m2026-08-18T20:21:26.097838Z[0m [32m INFO[0m [2minstrumented_scheduler._bench_step_decode[0m[2m:[0m Benchmark decode: total_kv_reads=1048576 batch_size=104
[2m2026-08-18T20:21:26.461477Z[0m [32m INFO[0m [2minstrumented_scheduler._bench_step_decode[0m[2m:[0m Benchmark decode: total_kv_reads=524288 batch_size=104
[2m2026-08-18T20:21:26.702267Z[0m [32m INFO[0m [2minstrumented_scheduler._bench_step_decode[0m[2m:[0m Benchmark decode: total_kv_reads=262144 batch_size=104
[2m2026-08-18T20:21:26.920273Z[0m [32m INFO[0m [2minstrumented_scheduler._bench_step_decode[0m[2m:[0m Benchmark decode: total_kv_reads=131072 batch_size=104
[2m2026-08-18T20:21:27.096932Z[0m [32m INFO[0m [2minstrumented_scheduler._bench_step_decode[0m[2m:[0m Benchmark decode: total_kv_reads=65536 batch_size=104
[2m2026-08-18T20:21:27.260855Z[0m [32m INFO[0m [2minstrumented_scheduler._bench_step_decode[0m[2m:[0m Benchmark decode: total_kv_reads=32768 batch_size=104
[2m2026-08-18T20:21:27.417753Z[0m [32m INFO[0m [2minstrumented_scheduler._bench_step_decode[0m[2m:[0m Benchmark decode: total_kv_reads=16384 batch_size=104
[2m2026-08-18T20:21:27.572201Z[0m [32m INFO[0m [2minstrumented_scheduler._bench_step_decode[0m[2m:[0m Benchmark decode: total_kv_reads=8192 batch_size=104
[2m2026-08-18T20:21:27.724555Z[0m [32m INFO[0m [2minstrumented_scheduler._bench_step_decode[0m[2m:[0m Benchmark decode: total_kv_reads=4096 batch_size=104
[2m2026-08-18T20:21:27.875106Z[0m [32m INFO[0m [2minstrumented_scheduler._bench_step_decode[0m[2m:[0m Benchmark decode: total_kv_reads=2048 batch_size=104
[2m2026-08-18T20:21:28.025096Z[0m [32m INFO[0m [2minstrumented_scheduler._bench_step_decode[0m[2m:[0m Benchmark decode: total_kv_reads=1024 batch_size=104
[2m2026-08-18T20:21:28.173550Z[0m [32m INFO[0m [2minstrumented_scheduler._bench_step_decode[0m[2m:[0m Benchmark decode: total_kv_reads=512 batch_size=104
[2m2026-08-18T20:21:28.321111Z[0m [32m INFO[0m [2minstrumented_scheduler._bench_step_decode[0m[2m:[0m Benchmark decode: total_kv_reads=256 batch_size=104
[2m2026-08-18T20:21:28.467227Z[0m [32m INFO[0m [2minstrumented_scheduler._bench_step_decode[0m[2m:[0m Benchmark decode: total_kv_reads=208 batch_size=104
[2m2026-08-18T20:21:28.611352Z[0m [32m INFO[0m [2minstrumented_scheduler._bench_step_decode[0m[2m:[0m Benchmark decode: total_kv_reads=208 batch_size=104
[2m2026-08-18T20:21:28.992644Z[0m [32m INFO[0m [2minstrumented_scheduler._kvwarm_start_stage[0m[2m:[0m KVWARM: stage build batch=97 depth=14080
[2m2026-08-18T20:22:32.051844Z[0m [32m INFO[0m [2minstrumented_scheduler._kvwarm_monitor_build[0m[2m:[0m KVWARM: stage ready batch=97 (63.3s)
[2m2026-08-18T20:22:32.169335Z[0m [32m INFO[0m [2minstrumented_scheduler._bench_step_decode[0m[2m:[0m Benchmark decode: total_kv_reads=1048576 batch_size=97
[2m2026-08-18T20:22:32.551798Z[0m [32m INFO[0m [2minstrumented_scheduler._bench_step_decode[0m[2m:[0m Benchmark decode: total_kv_reads=524288 batch_size=97
[2m2026-08-18T20:22:32.792403Z[0m [32m INFO[0m [2minstrumented_scheduler._bench_step_decode[0m[2m:[0m Benchmark decode: total_kv_reads=262144 batch_size=97
[2m2026-08-18T20:22:32.989869Z[0m [32m INFO[0m [2minstrumented_scheduler._bench_step_decode[0m[2m:[0m Benchmark decode: total_kv_reads=131072 batch_size=97
[2m2026-08-18T20:22:34.324744Z[0m [32m INFO[0m [2minstrumented_scheduler._bench_step_decode[0m[2m:[0m Benchmark decode: total_kv_reads=65536 batch_size=97
[2m2026-08-18T20:22:34.488958Z[0m [32m INFO[0m [2minstrumented_scheduler._bench_step_decode[0m[2m:[0m Benchmark decode: total_kv_reads=32768 batch_size=97
[2m2026-08-18T20:22:34.646357Z[0m [32m INFO[0m [2minstrumented_scheduler._bench_step_decode[0m[2m:[0m Benchmark decode: total_kv_reads=16384 batch_size=97
[2m2026-08-18T20:22:34.800753Z[0m [32m INFO[0m [2minstrumented_scheduler._bench_step_decode[0m[2m:[0m Benchmark decode: total_kv_reads=8192 batch_size=97
[2m2026-08-18T20:22:34.953095Z[0m [32m INFO[0m [2minstrumented_scheduler._bench_step_decode[0m[2m:[0m Benchmark decode: total_kv_reads=4096 batch_size=97
[2m2026-08-18T20:22:35.103955Z[0m [32m INFO[0m [2minstrumented_scheduler._bench_step_decode[0m[2m:[0m Benchmark decode: total_kv_reads=2048 batch_size=97
[2m2026-08-18T20:22:35.254093Z[0m [32m INFO[0m [2minstrumented_scheduler._bench_step_decode[0m[2m:[0m Benchmark decode: total_kv_reads=1024 batch_size=97
[2m2026-08-18T20:22:35.402937Z[0m [32m INFO[0m [2minstrumented_scheduler._bench_step_decode[0m[2m:[0m Benchmark decode: total_kv_reads=512 batch_size=97
Engine did not stop within 30s; sending SIGKILL
[2m2026-08-18T20:22:35.551075Z[0m [32m INFO[0m [2minstrumented_scheduler._bench_step_decode[0m[2m:[0m Benchmark decode: total_kv_reads=256 batch_size=97
[2m2026-08-18T20:22:35.698580Z[0m [32m INFO[0m [2minstrumented_scheduler._bench_step_decode[0m[2m:[0m Benchmark decode: total_kv_reads=194 batch_size=97
[2m2026-08-18T20:22:35.843068Z[0m [32m INFO[0m [2minstrumented_scheduler._bench_step_decode[0m[2m:[0m Benchmark decode: total_kv_reads=194 batch_size=97
[2m2026-08-18T20:22:36.115058Z[0m [32m INFO[0m [2minstrumented_scheduler._kvwarm_start_stage[0m[2m:[0m KVWARM: stage build batch=96 depth=14208
[2m2026-08-18T20:23:02.379758Z[0m [32m INFO[0m [2minstrumented_scheduler._kvwarm_monitor_build[0m[2m:[0m KVWARM: stage ready batch=96 (26.4s)
[2m2026-08-18T20:23:02.545172Z[0m [32m INFO[0m [2minstrumented_scheduler._bench_step_decode[0m[2m:[0m Benchmark decode: total_kv_reads=1048576 batch_size=96
[2m2026-08-18T20:23:02.894241Z[0m [32m INFO[0m [2minstrumented_scheduler._bench_step_decode[0m[2m:[0m Benchmark decode: total_kv_reads=524288 batch_size=96
[2m2026-08-18T20:23:03.129026Z[0m [32m INFO[0m [2minstrumented_scheduler._bench_step_decode[0m[2m:[0m Benchmark decode: total_kv_reads=262144 batch_size=96
[2m2026-08-18T20:23:03.322836Z[0m [32m INFO[0m [2minstrumented_scheduler._bench_step_decode[0m[2m:[0m Benchmark decode: total_kv_reads=131072 batch_size=96
[2m2026-08-18T20:23:03.499377Z[0m [32m INFO[0m [2minstrumented_scheduler._bench_step_decode[0m[2m:[0m Benchmark decode: total_kv_reads=65536 batch_size=96
[2m2026-08-18T20:23:03.659743Z[0m [32m INFO[0m [2minstrumented_scheduler._bench_step_decode[0m[2m:[0m Benchmark decode: total_kv_reads=32768 batch_size=96
[2m2026-08-18T20:23:03.814074Z[0m [32m INFO[0m [2minstrumented_scheduler._bench_step_decode[0m[2m:[0m Benchmark decode: total_kv_reads=16384 batch_size=96
[2m2026-08-18T20:23:03.965899Z[0m [32m INFO[0m [2minstrumented_scheduler._bench_step_decode[0m[2m:[0m Benchmark decode: total_kv_reads=8192 batch_size=96
[2m2026-08-18T20:23:04.115797Z[0m [32m INFO[0m [2minstrumented_scheduler._bench_step_decode[0m[2m:[0m Benchmark decode: total_kv_reads=4096 batch_size=96
[2m2026-08-18T20:23:04.264197Z[0m [32m INFO[0m [2minstrumented_scheduler._bench_step_decode[0m[2m:[0m Benchmark decode: total_kv_reads=2048 batch_size=96
[2m2026-08-18T20:23:04.411309Z[0m [32m INFO[0m [2minstrumented_scheduler._bench_step_decode[0m[2m:[0m Benchmark decode: total_kv_reads=1024 batch_size=96
[2m2026-08-18T20:23:04.557274Z[0m [32m INFO[0m [2minstrumented_scheduler._bench_step_decode[0m[2m:[0m Benchmark decode: total_kv_reads=512 batch_size=96
[2m2026-08-18T20:23:04.702498Z[0m [32m INFO[0m [2minstrumented_scheduler._bench_step_decode[0m[2m:[0m Benchmark decode: total_kv_reads=256 batch_size=96
[2m2026-08-18T20:23:04.846713Z[0m [32m INFO[0m [2minstrumented_scheduler._bench_step_decode[0m[2m:[0m Benchmark decode: total_kv_reads=192 batch_size=96
[2m2026-08-18T20:23:04.988413Z[0m [32m INFO[0m [2minstrumented_scheduler._bench_step_decode[0m[2m:[0m Benchmark decode: total_kv_reads=192 batch_size=96
[2m2026-08-18T20:23:05.384322Z[0m [32m INFO[0m [2minstrumented_scheduler._kvwarm_start_stage[0m[2m:[0m KVWARM: stage build batch=89 depth=15296
[2m2026-08-18T20:24:07.808323Z[0m [32m INFO[0m [2minstrumented_scheduler._kvwarm_monitor_build[0m[2m:[0m KVWARM: stage ready batch=89 (62.7s)
[2m2026-08-18T20:24:08.040140Z[0m [32m INFO[0m [2minstrumented_scheduler._bench_step_decode[0m[2m:[0m Benchmark decode: total_kv_reads=1048576 batch_size=89
[2m2026-08-18T20:24:08.434792Z[0m [32m INFO[0m [2minstrumented_scheduler._bench_step_decode[0m[2m:[0m Benchmark decode: total_kv_reads=524288 batch_size=89
[2m2026-08-18T20:24:08.670858Z[0m [32m INFO[0m [2minstrumented_scheduler._bench_step_decode[0m[2m:[0m Benchmark decode: total_kv_reads=262144 batch_size=89
[2m2026-08-18T20:24:08.865523Z[0m [32m INFO[0m [2minstrumented_scheduler._bench_step_decode[0m[2m:[0m Benchmark decode: total_kv_reads=131072 batch_size=89
[2m2026-08-18T20:24:09.039735Z[0m [32m INFO[0m [2minstrumented_scheduler._bench_step_decode[0m[2m:[0m Benchmark decode: total_kv_reads=65536 batch_size=89
[2m2026-08-18T20:24:09.201531Z[0m [32m INFO[0m [2minstrumented_scheduler._bench_step_decode[0m[2m:[0m Benchmark decode: total_kv_reads=32768 batch_size=89
[2m2026-08-18T20:24:09.356637Z[0m [32m INFO[0m [2minstrumented_scheduler._bench_step_decode[0m[2m:[0m Benchmark decode: total_kv_reads=16384 batch_size=89
[2m2026-08-18T20:24:09.508518Z[0m [32m INFO[0m [2minstrumented_scheduler._bench_step_decode[0m[2m:[0m Benchmark decode: total_kv_reads=8192 batch_size=89
[2m2026-08-18T20:24:09.658624Z[0m [32m INFO[0m [2minstrumented_scheduler._bench_step_decode[0m[2m:[0m Benchmark decode: total_kv_reads=4096 batch_size=89
[2m2026-08-18T20:24:09.807156Z[0m [32m INFO[0m [2minstrumented_scheduler._bench_step_decode[0m[2m:[0m Benchmark decode: total_kv_reads=2048 batch_size=89
[2m2026-08-18T20:24:09.954916Z[0m [32m INFO[0m [2minstrumented_scheduler._bench_step_decode[0m[2m:[0m Benchmark decode: total_kv_reads=1024 batch_size=89
[2m2026-08-18T20:24:10.102074Z[0m [32m INFO[0m [2minstrumented_scheduler._bench_step_decode[0m[2m:[0m Benchmark decode: total_kv_reads=512 batch_size=89
[2m2026-08-18T20:24:10.248740Z[0m [32m INFO[0m [2minstrumented_scheduler._bench_step_decode[0m[2m:[0m Benchmark decode: total_kv_reads=256 batch_size=89
[2m2026-08-18T20:24:10.393909Z[0m [32m INFO[0m [2minstrumented_scheduler._bench_step_decode[0m[2m:[0m Benchmark decode: total_kv_reads=178 batch_size=89
[2m2026-08-18T20:24:10.536536Z[0m [32m INFO[0m [2minstrumented_scheduler._bench_step_decode[0m[2m:[0m Benchmark decode: total_kv_reads=178 batch_size=89
[2m2026-08-18T20:24:10.830296Z[0m [32m INFO[0m [2minstrumented_scheduler._kvwarm_start_stage[0m[2m:[0m KVWARM: stage build batch=88 depth=15488
[2m2026-08-18T20:24:29.436654Z[0m [32m INFO[0m [2minstrumented_scheduler._kvwarm_monitor_build[0m[2m:[0m KVWARM: stage ready batch=88 (18.7s)
[2m2026-08-18T20:24:29.598577Z[0m [32m INFO[0m [2minstrumented_scheduler._bench_step_decode[0m[2m:[0m Benchmark decode: total_kv_reads=1048576 batch_size=88
[2m2026-08-18T20:24:29.951350Z[0m [32m INFO[0m [2minstrumented_scheduler._bench_step_decode[0m[2m:[0m Benchmark decode: total_kv_reads=524288 batch_size=88
[2m2026-08-18T20:24:30.197550Z[0m [32m INFO[0m [2minstrumented_scheduler._bench_step_decode[0m[2m:[0m Benchmark decode: total_kv_reads=262144 batch_size=88
[2m2026-08-18T20:24:30.388259Z[0m [32m INFO[0m [2minstrumented_scheduler._bench_step_decode[0m[2m:[0m Benchmark decode: total_kv_reads=131072 batch_size=88
[2m2026-08-18T20:24:30.558601Z[0m [32m INFO[0m [2minstrumented_scheduler._bench_step_decode[0m[2m:[0m Benchmark decode: total_kv_reads=65536 batch_size=88
[2m2026-08-18T20:24:30.716624Z[0m [32m INFO[0m [2minstrumented_scheduler._bench_step_decode[0m[2m:[0m Benchmark decode: total_kv_reads=32768 batch_size=88
[2m2026-08-18T20:24:30.868614Z[0m [32m INFO[0m [2minstrumented_scheduler._bench_step_decode[0m[2m:[0m Benchmark decode: total_kv_reads=16384 batch_size=88
[2m2026-08-18T20:24:31.017762Z[0m [32m INFO[0m [2minstrumented_scheduler._bench_step_decode[0m[2m:[0m Benchmark decode: total_kv_reads=8192 batch_size=88
[2m2026-08-18T20:24:31.164803Z[0m [32m INFO[0m [2minstrumented_scheduler._bench_step_decode[0m[2m:[0m Benchmark decode: total_kv_reads=4096 batch_size=88
[2m2026-08-18T20:24:31.310612Z[0m [32m INFO[0m [2minstrumented_scheduler._bench_step_decode[0m[2m:[0m Benchmark decode: total_kv_reads=2048 batch_size=88
[2m2026-08-18T20:24:31.455365Z[0m [32m INFO[0m [2minstrumented_scheduler._bench_step_decode[0m[2m:[0m Benchmark decode: total_kv_reads=1024 batch_size=88
[2m2026-08-18T20:24:31.598894Z[0m [32m INFO[0m [2minstrumented_scheduler._bench_step_decode[0m[2m:[0m Benchmark decode: total_kv_reads=512 batch_size=88
[2m2026-08-18T20:24:31.740732Z[0m [32m INFO[0m [2minstrumented_scheduler._bench_step_decode[0m[2m:[0m Benchmark decode: total_kv_reads=256 batch_size=88
[2m2026-08-18T20:24:31.881913Z[0m [32m INFO[0m [2minstrumented_scheduler._bench_step_decode[0m[2m:[0m Benchmark decode: total_kv_reads=176 batch_size=88
[2m2026-08-18T20:24:32.020458Z[0m [32m INFO[0m [2minstrumented_scheduler._bench_step_decode[0m[2m:[0m Benchmark decode: total_kv_reads=176 batch_size=88
[2m2026-08-18T20:24:32.401562Z[0m [32m INFO[0m [2minstrumented_scheduler._kvwarm_start_stage[0m[2m:[0m KVWARM: stage build batch=81 depth=16832
[2m2026-08-18T20:25:35.128296Z[0m [32m INFO[0m [2minstrumented_scheduler._kvwarm_monitor_build[0m[2m:[0m KVWARM: stage ready batch=81 (63.0s)
[2m2026-08-18T20:25:35.245204Z[0m [32m INFO[0m [2minstrumented_scheduler._bench_step_decode[0m[2m:[0m Benchmark decode: total_kv_reads=1048576 batch_size=81
[2m2026-08-18T20:25:35.652773Z[0m [32m INFO[0m [2minstrumented_scheduler._bench_step_decode[0m[2m:[0m Benchmark decode: total_kv_reads=524288 batch_size=81
[2m2026-08-18T20:25:35.888597Z[0m [32m INFO[0m [2minstrumented_scheduler._bench_step_decode[0m[2m:[0m Benchmark decode: total_kv_reads=262144 batch_size=81
[2m2026-08-18T20:25:36.081814Z[0m [32m INFO[0m [2minstrumented_scheduler._bench_step_decode[0m[2m:[0m Benchmark decode: total_kv_reads=131072 batch_size=81
[2m2026-08-18T20:25:36.270007Z[0m [32m INFO[0m [2minstrumented_scheduler._bench_step_decode[0m[2m:[0m Benchmark decode: total_kv_reads=65536 batch_size=81
[2m2026-08-18T20:25:36.428378Z[0m [32m INFO[0m [2minstrumented_scheduler._bench_step_decode[0m[2m:[0m Benchmark decode: total_kv_reads=32768 batch_size=81
[2m2026-08-18T20:25:36.580616Z[0m [32m INFO[0m [2minstrumented_scheduler._bench_step_decode[0m[2m:[0m Benchmark decode: total_kv_reads=16384 batch_size=81
[2m2026-08-18T20:25:36.729971Z[0m [32m INFO[0m [2minstrumented_scheduler._bench_step_decode[0m[2m:[0m Benchmark decode: total_kv_reads=8192 batch_size=81
[2m2026-08-18T20:25:36.877112Z[0m [32m INFO[0m [2minstrumented_scheduler._bench_step_decode[0m[2m:[0m Benchmark decode: total_kv_reads=4096 batch_size=81
[2m2026-08-18T20:25:37.022982Z[0m [32m INFO[0m [2minstrumented_scheduler._bench_step_decode[0m[2m:[0m Benchmark decode: total_kv_reads=2048 batch_size=81
[2m2026-08-18T20:25:37.168110Z[0m [32m INFO[0m [2minstrumented_scheduler._bench_step_decode[0m[2m:[0m Benchmark decode: total_kv_reads=1024 batch_size=81
[2m2026-08-18T20:25:37.312091Z[0m [32m INFO[0m [2minstrumented_scheduler._bench_step_decode[0m[2m:[0m Benchmark decode: total_kv_reads=512 batch_size=81
[2m2026-08-18T20:25:37.454732Z[0m [32m INFO[0m [2minstrumented_scheduler._bench_step_decode[0m[2m:[0m Benchmark decode: total_kv_reads=256 batch_size=81
[2m2026-08-18T20:25:37.596413Z[0m [32m INFO[0m [2minstrumented_scheduler._bench_step_decode[0m[2m:[0m Benchmark decode: total_kv_reads=162 batch_size=81
[2m2026-08-18T20:25:37.735461Z[0m [32m INFO[0m [2minstrumented_scheduler._bench_step_decode[0m[2m:[0m Benchmark decode: total_kv_reads=162 batch_size=81
[2m2026-08-18T20:25:38.008903Z[0m [32m INFO[0m [2minstrumented_scheduler._kvwarm_start_stage[0m[2m:[0m KVWARM: stage build batch=80 depth=17024
[2m2026-08-18T20:25:57.978901Z[0m [32m INFO[0m [2minstrumented_scheduler._kvwarm_monitor_build[0m[2m:[0m KVWARM: stage ready batch=80 (20.1s)
[2m2026-08-18T20:25:58.292749Z[0m [32m INFO[0m [2minstrumented_scheduler._bench_step_decode[0m[2m:[0m Benchmark decode: total_kv_reads=1048576 batch_size=80
[2m2026-08-18T20:25:58.622097Z[0m [32m INFO[0m [2minstrumented_scheduler._bench_step_decode[0m[2m:[0m Benchmark decode: total_kv_reads=524288 batch_size=80
[2m2026-08-18T20:25:58.846132Z[0m [32m INFO[0m [2minstrumented_scheduler._bench_step_decode[0m[2m:[0m Benchmark decode: total_kv_reads=262144 batch_size=80
[2m2026-08-18T20:25:59.028519Z[0m [32m INFO[0m [2minstrumented_scheduler._bench_step_decode[0m[2m:[0m Benchmark decode: total_kv_reads=131072 batch_size=80
[2m2026-08-18T20:25:59.190348Z[0m [32m INFO[0m [2minstrumented_scheduler._bench_step_decode[0m[2m:[0m Benchmark decode: total_kv_reads=65536 batch_size=80
[2m2026-08-18T20:25:59.339046Z[0m [32m INFO[0m [2minstrumented_scheduler._bench_step_decode[0m[2m:[0m Benchmark decode: total_kv_reads=32768 batch_size=80
[2m2026-08-18T20:25:59.487916Z[0m [32m INFO[0m [2minstrumented_scheduler._bench_step_decode[0m[2m:[0m Benchmark decode: total_kv_reads=16384 batch_size=80
[2m2026-08-18T20:25:59.627332Z[0m [32m INFO[0m [2minstrumented_scheduler._bench_step_decode[0m[2m:[0m Benchmark decode: total_kv_reads=8192 batch_size=80
[2m2026-08-18T20:25:59.764934Z[0m [32m INFO[0m [2minstrumented_scheduler._bench_step_decode[0m[2m:[0m Benchmark decode: total_kv_reads=4096 batch_size=80
[2m2026-08-18T20:25:59.900971Z[0m [32m INFO[0m [2minstrumented_scheduler._bench_step_decode[0m[2m:[0m Benchmark decode: total_kv_reads=2048 batch_size=80
[2m2026-08-18T20:26:00.036152Z[0m [32m INFO[0m [2minstrumented_scheduler._bench_step_decode[0m[2m:[0m Benchmark decode: total_kv_reads=1024 batch_size=80
[2m2026-08-18T20:26:00.169802Z[0m [32m INFO[0m [2minstrumented_scheduler._bench_step_decode[0m[2m:[0m Benchmark decode: total_kv_reads=512 batch_size=80
[2m2026-08-18T20:26:00.301963Z[0m [32m INFO[0m [2minstrumented_scheduler._bench_step_decode[0m[2m:[0m Benchmark decode: total_kv_reads=256 batch_size=80
[2m2026-08-18T20:26:00.434174Z[0m [32m INFO[0m [2minstrumented_scheduler._bench_step_decode[0m[2m:[0m Benchmark decode: total_kv_reads=160 batch_size=80
[2m2026-08-18T20:26:00.562527Z[0m [32m INFO[0m [2minstrumented_scheduler._bench_step_decode[0m[2m:[0m Benchmark decode: total_kv_reads=160 batch_size=80
[2m2026-08-18T20:26:00.997407Z[0m [32m INFO[0m [2minstrumented_scheduler._kvwarm_start_stage[0m[2m:[0m KVWARM: stage build batch=73 depth=18688
[2m2026-08-18T20:27:03.511647Z[0m [32m INFO[0m [2minstrumented_scheduler._kvwarm_monitor_build[0m[2m:[0m KVWARM: stage ready batch=73 (62.8s)
[2m2026-08-18T20:27:03.861875Z[0m [32m INFO[0m [2minstrumented_scheduler._bench_step_decode[0m[2m:[0m Benchmark decode: total_kv_reads=1048576 batch_size=73
[2m2026-08-18T20:27:04.227452Z[0m [32m INFO[0m [2minstrumented_scheduler._bench_step_decode[0m[2m:[0m Benchmark decode: total_kv_reads=524288 batch_size=73
[2m2026-08-18T20:27:04.468209Z[0m [32m INFO[0m [2minstrumented_scheduler._bench_step_decode[0m[2m:[0m Benchmark decode: total_kv_reads=262144 batch_size=73
[2m2026-08-18T20:27:04.650754Z[0m [32m INFO[0m [2minstrumented_scheduler._bench_step_decode[0m[2m:[0m Benchmark decode: total_kv_reads=131072 batch_size=73
[2m2026-08-18T20:27:04.813902Z[0m [32m INFO[0m [2minstrumented_scheduler._bench_step_decode[0m[2m:[0m Benchmark decode: total_kv_reads=65536 batch_size=73
[2m2026-08-18T20:27:04.962984Z[0m [32m INFO[0m [2minstrumented_scheduler._bench_step_decode[0m[2m:[0m Benchmark decode: total_kv_reads=32768 batch_size=73
[2m2026-08-18T20:27:05.105611Z[0m [32m INFO[0m [2minstrumented_scheduler._bench_step_decode[0m[2m:[0m Benchmark decode: total_kv_reads=16384 batch_size=73
[2m2026-08-18T20:27:05.245318Z[0m [32m INFO[0m [2minstrumented_scheduler._bench_step_decode[0m[2m:[0m Benchmark decode: total_kv_reads=8192 batch_size=73
[2m2026-08-18T20:27:05.383343Z[0m [32m INFO[0m [2minstrumented_scheduler._bench_step_decode[0m[2m:[0m Benchmark decode: total_kv_reads=4096 batch_size=73
[2m2026-08-18T20:27:05.520152Z[0m [32m INFO[0m [2minstrumented_scheduler._bench_step_decode[0m[2m:[0m Benchmark decode: total_kv_reads=2048 batch_size=73
[2m2026-08-18T20:27:05.656073Z[0m [32m INFO[0m [2minstrumented_scheduler._bench_step_decode[0m[2m:[0m Benchmark decode: total_kv_reads=1024 batch_size=73
[2m2026-08-18T20:27:05.790888Z[0m [32m INFO[0m [2minstrumented_scheduler._bench_step_decode[0m[2m:[0m Benchmark decode: total_kv_reads=512 batch_size=73
[2m2026-08-18T20:27:05.925054Z[0m [32m INFO[0m [2minstrumented_scheduler._bench_step_decode[0m[2m:[0m Benchmark decode: total_kv_reads=256 batch_size=73
[2m2026-08-18T20:27:06.057788Z[0m [32m INFO[0m [2minstrumented_scheduler._bench_step_decode[0m[2m:[0m Benchmark decode: total_kv_reads=146 batch_size=73
[2m2026-08-18T20:27:06.187605Z[0m [32m INFO[0m [2minstrumented_scheduler._bench_step_decode[0m[2m:[0m Benchmark decode: total_kv_reads=146 batch_size=73
[2m2026-08-18T20:27:06.447975Z[0m [32m INFO[0m [2minstrumented_scheduler._kvwarm_start_stage[0m[2m:[0m KVWARM: stage build batch=72 depth=18944
[2m2026-08-18T20:27:32.936159Z[0m [32m INFO[0m [2minstrumented_scheduler._kvwarm_monitor_build[0m[2m:[0m KVWARM: stage ready batch=72 (26.6s)
[2m2026-08-18T20:27:33.112147Z[0m [32m INFO[0m [2minstrumented_scheduler._bench_step_decode[0m[2m:[0m Benchmark decode: total_kv_reads=1048576 batch_size=72
[2m2026-08-18T20:27:33.464689Z[0m [32m INFO[0m [2minstrumented_scheduler._bench_step_decode[0m[2m:[0m Benchmark decode: total_kv_reads=524288 batch_size=72
[2m2026-08-18T20:27:33.689205Z[0m [32m INFO[0m [2minstrumented_scheduler._bench_step_decode[0m[2m:[0m Benchmark decode: total_kv_reads=262144 batch_size=72
[2m2026-08-18T20:27:33.869736Z[0m [32m INFO[0m [2minstrumented_scheduler._bench_step_decode[0m[2m:[0m Benchmark decode: total_kv_reads=131072 batch_size=72
[2m2026-08-18T20:27:35.190165Z[0m [32m INFO[0m [2minstrumented_scheduler._bench_step_decode[0m[2m:[0m Benchmark decode: total_kv_reads=65536 batch_size=72
[2m2026-08-18T20:27:35.339512Z[0m [32m INFO[0m [2minstrumented_scheduler._bench_step_decode[0m[2m:[0m Benchmark decode: total_kv_reads=32768 batch_size=72
[2m2026-08-18T20:27:35.483155Z[0m [32m INFO[0m [2minstrumented_scheduler._bench_step_decode[0m[2m:[0m Benchmark decode: total_kv_reads=16384 batch_size=72
[2m2026-08-18T20:27:35.623495Z[0m [32m INFO[0m [2minstrumented_scheduler._bench_step_decode[0m[2m:[0m Benchmark decode: total_kv_reads=8192 batch_size=72
[2m2026-08-18T20:27:35.761610Z[0m [32m INFO[0m [2minstrumented_scheduler._bench_step_decode[0m[2m:[0m Benchmark decode: total_kv_reads=4096 batch_size=72
[2m2026-08-18T20:27:35.897843Z[0m [32m INFO[0m [2minstrumented_scheduler._bench_step_decode[0m[2m:[0m Benchmark decode: total_kv_reads=2048 batch_size=72
[2m2026-08-18T20:27:36.033469Z[0m [32m INFO[0m [2minstrumented_scheduler._bench_step_decode[0m[2m:[0m Benchmark decode: total_kv_reads=1024 batch_size=72
[2m2026-08-18T20:27:36.167423Z[0m [32m INFO[0m [2minstrumented_scheduler._bench_step_decode[0m[2m:[0m Benchmark decode: total_kv_reads=512 batch_size=72
[2m2026-08-18T20:27:36.299594Z[0m [32m INFO[0m [2minstrumented_scheduler._bench_step_decode[0m[2m:[0m Benchmark decode: total_kv_reads=256 batch_size=72
[2m2026-08-18T20:27:36.431763Z[0m [32m INFO[0m [2minstrumented_scheduler._bench_step_decode[0m[2m:[0m Benchmark decode: total_kv_reads=144 batch_size=72
[2m2026-08-18T20:27:36.560466Z[0m [32m INFO[0m [2minstrumented_scheduler._bench_step_decode[0m[2m:[0m Benchmark decode: total_kv_reads=144 batch_size=72
[2m2026-08-18T20:27:37.000451Z[0m [32m INFO[0m [2minstrumented_scheduler._kvwarm_start_stage[0m[2m:[0m KVWARM: stage build batch=65 depth=20992
[2m2026-08-18T20:28:41.110334Z[0m [32m INFO[0m [2minstrumented_scheduler._kvwarm_monitor_build[0m[2m:[0m KVWARM: stage ready batch=65 (64.4s)
[2m2026-08-18T20:28:41.357827Z[0m [32m INFO[0m [2minstrumented_scheduler._bench_step_decode[0m[2m:[0m Benchmark decode: total_kv_reads=1048576 batch_size=65
[2m2026-08-18T20:28:41.722007Z[0m [32m INFO[0m [2minstrumented_scheduler._bench_step_decode[0m[2m:[0m Benchmark decode: total_kv_reads=524288 batch_size=65
[2m2026-08-18T20:28:41.944273Z[0m [32m INFO[0m [2minstrumented_scheduler._bench_step_decode[0m[2m:[0m Benchmark decode: total_kv_reads=262144 batch_size=65
[2m2026-08-18T20:28:42.125728Z[0m [32m INFO[0m [2minstrumented_scheduler._bench_step_decode[0m[2m:[0m Benchmark decode: total_kv_reads=131072 batch_size=65
[2m2026-08-18T20:28:42.286702Z[0m [32m INFO[0m [2minstrumented_scheduler._bench_step_decode[0m[2m:[0m Benchmark decode: total_kv_reads=65536 batch_size=65
[2m2026-08-18T20:28:42.434967Z[0m [32m INFO[0m [2minstrumented_scheduler._bench_step_decode[0m[2m:[0m Benchmark decode: total_kv_reads=32768 batch_size=65
[2m2026-08-18T20:28:42.577409Z[0m [32m INFO[0m [2minstrumented_scheduler._bench_step_decode[0m[2m:[0m Benchmark decode: total_kv_reads=16384 batch_size=65
[2m2026-08-18T20:28:42.717000Z[0m [32m INFO[0m [2minstrumented_scheduler._bench_step_decode[0m[2m:[0m Benchmark decode: total_kv_reads=8192 batch_size=65
[2m2026-08-18T20:28:42.854671Z[0m [32m INFO[0m [2minstrumented_scheduler._bench_step_decode[0m[2m:[0m Benchmark decode: total_kv_reads=4096 batch_size=65
[2m2026-08-18T20:28:42.991025Z[0m [32m INFO[0m [2minstrumented_scheduler._bench_step_decode[0m[2m:[0m Benchmark decode: total_kv_reads=2048 batch_size=65
[2m2026-08-18T20:28:43.126419Z[0m [32m INFO[0m [2minstrumented_scheduler._bench_step_decode[0m[2m:[0m Benchmark decode: total_kv_reads=1024 batch_size=65
[2m2026-08-18T20:28:43.260904Z[0m [32m INFO[0m [2minstrumented_scheduler._bench_step_decode[0m[2m:[0m Benchmark decode: total_kv_reads=512 batch_size=65
[2m2026-08-18T20:28:43.394210Z[0m [32m INFO[0m [2minstrumented_scheduler._bench_step_decode[0m[2m:[0m Benchmark decode: total_kv_reads=256 batch_size=65
[2m2026-08-18T20:28:43.525854Z[0m [32m INFO[0m [2minstrumented_scheduler._bench_step_decode[0m[2m:[0m Benchmark decode: total_kv_reads=130 batch_size=65
[2m2026-08-18T20:28:43.654597Z[0m [32m INFO[0m [2minstrumented_scheduler._bench_step_decode[0m[2m:[0m Benchmark decode: total_kv_reads=130 batch_size=65
[2m2026-08-18T20:28:43.937590Z[0m [32m INFO[0m [2minstrumented_scheduler._kvwarm_start_stage[0m[2m:[0m KVWARM: stage build batch=64 depth=21312
[2m2026-08-18T20:29:11.846458Z[0m [32m INFO[0m [2minstrumented_scheduler._kvwarm_monitor_build[0m[2m:[0m KVWARM: stage ready batch=64 (28.1s)
[2m2026-08-18T20:29:12.047222Z[0m [32m INFO[0m [2minstrumented_scheduler._bench_step_decode[0m[2m:[0m Benchmark decode: total_kv_reads=1048576 batch_size=64
[2m2026-08-18T20:29:12.384160Z[0m [32m INFO[0m [2minstrumented_scheduler._bench_step_decode[0m[2m:[0m Benchmark decode: total_kv_reads=524288 batch_size=64
[2m2026-08-18T20:29:12.603802Z[0m [32m INFO[0m [2minstrumented_scheduler._bench_step_decode[0m[2m:[0m Benchmark decode: total_kv_reads=262144 batch_size=64
[2m2026-08-18T20:29:12.799325Z[0m [32m INFO[0m [2minstrumented_scheduler._bench_step_decode[0m[2m:[0m Benchmark decode: total_kv_reads=131072 batch_size=64
[2m2026-08-18T20:29:12.958048Z[0m [32m INFO[0m [2minstrumented_scheduler._bench_step_decode[0m[2m:[0m Benchmark decode: total_kv_reads=65536 batch_size=64
[2m2026-08-18T20:29:13.104306Z[0m [32m INFO[0m [2minstrumented_scheduler._bench_step_decode[0m[2m:[0m Benchmark decode: total_kv_reads=32768 batch_size=64
[2m2026-08-18T20:29:13.245020Z[0m [32m INFO[0m [2minstrumented_scheduler._bench_step_decode[0m[2m:[0m Benchmark decode: total_kv_reads=16384 batch_size=64
[2m2026-08-18T20:29:13.382114Z[0m [32m INFO[0m [2minstrumented_scheduler._bench_step_decode[0m[2m:[0m Benchmark decode: total_kv_reads=8192 batch_size=64
[2m2026-08-18T20:29:13.517515Z[0m [32m INFO[0m [2minstrumented_scheduler._bench_step_decode[0m[2m:[0m Benchmark decode: total_kv_reads=4096 batch_size=64
[2m2026-08-18T20:29:13.651569Z[0m [32m INFO[0m [2minstrumented_scheduler._bench_step_decode[0m[2m:[0m Benchmark decode: total_kv_reads=2048 batch_size=64
[2m2026-08-18T20:29:13.784599Z[0m [32m INFO[0m [2minstrumented_scheduler._bench_step_decode[0m[2m:[0m Benchmark decode: total_kv_reads=1024 batch_size=64
[2m2026-08-18T20:29:13.915875Z[0m [32m INFO[0m [2minstrumented_scheduler._bench_step_decode[0m[2m:[0m Benchmark decode: total_kv_reads=512 batch_size=64
[2m2026-08-18T20:29:14.045334Z[0m [32m INFO[0m [2minstrumented_scheduler._bench_step_decode[0m[2m:[0m Benchmark decode: total_kv_reads=256 batch_size=64
[2m2026-08-18T20:29:14.174505Z[0m [32m INFO[0m [2minstrumented_scheduler._bench_step_decode[0m[2m:[0m Benchmark decode: total_kv_reads=128 batch_size=64
[2m2026-08-18T20:29:14.299380Z[0m [32m INFO[0m [2minstrumented_scheduler._bench_step_decode[0m[2m:[0m Benchmark decode: total_kv_reads=128 batch_size=64
[2m2026-08-18T20:29:14.748900Z[0m [32m INFO[0m [2minstrumented_scheduler._kvwarm_start_stage[0m[2m:[0m KVWARM: stage build batch=57 depth=23936
[2m2026-08-18T20:30:19.220429Z[0m [32m INFO[0m [2minstrumented_scheduler._kvwarm_monitor_build[0m[2m:[0m KVWARM: stage ready batch=57 (64.8s)
[2m2026-08-18T20:30:19.613909Z[0m [32m INFO[0m [2minstrumented_scheduler._bench_step_decode[0m[2m:[0m Benchmark decode: total_kv_reads=1048576 batch_size=57
[2m2026-08-18T20:30:19.977683Z[0m [32m INFO[0m [2minstrumented_scheduler._bench_step_decode[0m[2m:[0m Benchmark decode: total_kv_reads=524288 batch_size=57
[2m2026-08-18T20:30:20.198906Z[0m [32m INFO[0m [2minstrumented_scheduler._bench_step_decode[0m[2m:[0m Benchmark decode: total_kv_reads=262144 batch_size=57
[2m2026-08-18T20:30:20.375033Z[0m [32m INFO[0m [2minstrumented_scheduler._bench_step_decode[0m[2m:[0m Benchmark decode: total_kv_reads=131072 batch_size=57
[2m2026-08-18T20:30:20.533164Z[0m [32m INFO[0m [2minstrumented_scheduler._bench_step_decode[0m[2m:[0m Benchmark decode: total_kv_reads=65536 batch_size=57
[2m2026-08-18T20:30:20.679606Z[0m [32m INFO[0m [2minstrumented_scheduler._bench_step_decode[0m[2m:[0m Benchmark decode: total_kv_reads=32768 batch_size=57
[2m2026-08-18T20:30:20.819363Z[0m [32m INFO[0m [2minstrumented_scheduler._bench_step_decode[0m[2m:[0m Benchmark decode: total_kv_reads=16384 batch_size=57
[2m2026-08-18T20:30:20.955983Z[0m [32m INFO[0m [2minstrumented_scheduler._bench_step_decode[0m[2m:[0m Benchmark decode: total_kv_reads=8192 batch_size=57
[2m2026-08-18T20:30:21.089871Z[0m [32m INFO[0m [2minstrumented_scheduler._bench_step_decode[0m[2m:[0m Benchmark decode: total_kv_reads=4096 batch_size=57
[2m2026-08-18T20:30:21.222594Z[0m [32m INFO[0m [2minstrumented_scheduler._bench_step_decode[0m[2m:[0m Benchmark decode: total_kv_reads=2048 batch_size=57
[2m2026-08-18T20:30:21.371431Z[0m [32m INFO[0m [2minstrumented_scheduler._bench_step_decode[0m[2m:[0m Benchmark decode: total_kv_reads=1024 batch_size=57
[2m2026-08-18T20:30:21.501855Z[0m [32m INFO[0m [2minstrumented_scheduler._bench_step_decode[0m[2m:[0m Benchmark decode: total_kv_reads=512 batch_size=57
[2m2026-08-18T20:30:21.631674Z[0m [32m INFO[0m [2minstrumented_scheduler._bench_step_decode[0m[2m:[0m Benchmark decode: total_kv_reads=256 batch_size=57
[2m2026-08-18T20:30:21.759595Z[0m [32m INFO[0m [2minstrumented_scheduler._bench_step_decode[0m[2m:[0m Benchmark decode: total_kv_reads=128 batch_size=57
[2m2026-08-18T20:30:21.885078Z[0m [32m INFO[0m [2minstrumented_scheduler._bench_step_decode[0m[2m:[0m Benchmark decode: total_kv_reads=114 batch_size=57
[2m2026-08-18T20:30:22.009723Z[0m [32m INFO[0m [2minstrumented_scheduler._bench_step_decode[0m[2m:[0m Benchmark decode: total_kv_reads=114 batch_size=57
[2m2026-08-18T20:30:22.284384Z[0m [32m INFO[0m [2minstrumented_scheduler._kvwarm_start_stage[0m[2m:[0m KVWARM: stage build batch=56 depth=24384
[2m2026-08-18T20:30:53.369728Z[0m [32m INFO[0m [2minstrumented_scheduler._kvwarm_monitor_build[0m[2m:[0m KVWARM: stage ready batch=56 (31.2s)
[2m2026-08-18T20:30:53.667103Z[0m [32m INFO[0m [2minstrumented_scheduler._bench_step_decode[0m[2m:[0m Benchmark decode: total_kv_reads=1048576 batch_size=56
[2m2026-08-18T20:30:54.009727Z[0m [32m INFO[0m [2minstrumented_scheduler._bench_step_decode[0m[2m:[0m Benchmark decode: total_kv_reads=524288 batch_size=56
[2m2026-08-18T20:30:54.223765Z[0m [32m INFO[0m [2minstrumented_scheduler._bench_step_decode[0m[2m:[0m Benchmark decode: total_kv_reads=262144 batch_size=56
[2m2026-08-18T20:30:54.397768Z[0m [32m INFO[0m [2minstrumented_scheduler._bench_step_decode[0m[2m:[0m Benchmark decode: total_kv_reads=131072 batch_size=56
[2m2026-08-18T20:30:54.567647Z[0m [32m INFO[0m [2minstrumented_scheduler._bench_step_decode[0m[2m:[0m Benchmark decode: total_kv_reads=65536 batch_size=56
[2m2026-08-18T20:30:54.711097Z[0m [32m INFO[0m [2minstrumented_scheduler._bench_step_decode[0m[2m:[0m Benchmark decode: total_kv_reads=32768 batch_size=56
[2m2026-08-18T20:30:54.848477Z[0m [32m INFO[0m [2minstrumented_scheduler._bench_step_decode[0m[2m:[0m Benchmark decode: total_kv_reads=16384 batch_size=56
[2m2026-08-18T20:30:54.983258Z[0m [32m INFO[0m [2minstrumented_scheduler._bench_step_decode[0m[2m:[0m Benchmark decode: total_kv_reads=8192 batch_size=56
[2m2026-08-18T20:30:55.115119Z[0m [32m INFO[0m [2minstrumented_scheduler._bench_step_decode[0m[2m:[0m Benchmark decode: total_kv_reads=4096 batch_size=56
[2m2026-08-18T20:30:55.246244Z[0m [32m INFO[0m [2minstrumented_scheduler._bench_step_decode[0m[2m:[0m Benchmark decode: total_kv_reads=2048 batch_size=56
[2m2026-08-18T20:30:55.376287Z[0m [32m INFO[0m [2minstrumented_scheduler._bench_step_decode[0m[2m:[0m Benchmark decode: total_kv_reads=1024 batch_size=56
[2m2026-08-18T20:30:55.504310Z[0m [32m INFO[0m [2minstrumented_scheduler._bench_step_decode[0m[2m:[0m Benchmark decode: total_kv_reads=512 batch_size=56
[2m2026-08-18T20:30:55.630341Z[0m [32m INFO[0m [2minstrumented_scheduler._bench_step_decode[0m[2m:[0m Benchmark decode: total_kv_reads=256 batch_size=56
[2m2026-08-18T20:30:55.755615Z[0m [32m INFO[0m [2minstrumented_scheduler._bench_step_decode[0m[2m:[0m Benchmark decode: total_kv_reads=128 batch_size=56
[2m2026-08-18T20:30:55.878507Z[0m [32m INFO[0m [2minstrumented_scheduler._bench_step_decode[0m[2m:[0m Benchmark decode: total_kv_reads=112 batch_size=56
[2m2026-08-18T20:30:56.000249Z[0m [32m INFO[0m [2minstrumented_scheduler._bench_step_decode[0m[2m:[0m Benchmark decode: total_kv_reads=112 batch_size=56
[2m2026-08-18T20:30:56.492007Z[0m [32m INFO[0m [2minstrumented_scheduler._kvwarm_start_stage[0m[2m:[0m KVWARM: stage build batch=49 depth=27840
[2m2026-08-18T20:32:02.285403Z[0m [32m INFO[0m [2minstrumented_scheduler._kvwarm_monitor_build[0m[2m:[0m KVWARM: stage ready batch=49 (66.2s)
[2m2026-08-18T20:32:02.496435Z[0m [32m INFO[0m [2minstrumented_scheduler._bench_step_decode[0m[2m:[0m Benchmark decode: total_kv_reads=1048576 batch_size=49
[2m2026-08-18T20:32:02.869212Z[0m [32m INFO[0m [2minstrumented_scheduler._bench_step_decode[0m[2m:[0m Benchmark decode: total_kv_reads=524288 batch_size=49
[2m2026-08-18T20:32:03.082127Z[0m [32m INFO[0m [2minstrumented_scheduler._bench_step_decode[0m[2m:[0m Benchmark decode: total_kv_reads=262144 batch_size=49
[2m2026-08-18T20:32:03.254961Z[0m [32m INFO[0m [2minstrumented_scheduler._bench_step_decode[0m[2m:[0m Benchmark decode: total_kv_reads=131072 batch_size=49
[2m2026-08-18T20:32:03.410013Z[0m [32m INFO[0m [2minstrumented_scheduler._bench_step_decode[0m[2m:[0m Benchmark decode: total_kv_reads=65536 batch_size=49
[2m2026-08-18T20:32:03.552894Z[0m [32m INFO[0m [2minstrumented_scheduler._bench_step_decode[0m[2m:[0m Benchmark decode: total_kv_reads=32768 batch_size=49
[2m2026-08-18T20:32:03.690276Z[0m [32m INFO[0m [2minstrumented_scheduler._bench_step_decode[0m[2m:[0m Benchmark decode: total_kv_reads=16384 batch_size=49
[2m2026-08-18T20:32:03.825061Z[0m [32m INFO[0m [2minstrumented_scheduler._bench_step_decode[0m[2m:[0m Benchmark decode: total_kv_reads=8192 batch_size=49
[2m2026-08-18T20:32:03.957215Z[0m [32m INFO[0m [2minstrumented_scheduler._bench_step_decode[0m[2m:[0m Benchmark decode: total_kv_reads=4096 batch_size=49
[2m2026-08-18T20:32:04.088453Z[0m [32m INFO[0m [2minstrumented_scheduler._bench_step_decode[0m[2m:[0m Benchmark decode: total_kv_reads=2048 batch_size=49
[2m2026-08-18T20:32:04.218722Z[0m [32m INFO[0m [2minstrumented_scheduler._bench_step_decode[0m[2m:[0m Benchmark decode: total_kv_reads=1024 batch_size=49
[2m2026-08-18T20:32:04.365237Z[0m [32m INFO[0m [2minstrumented_scheduler._bench_step_decode[0m[2m:[0m Benchmark decode: total_kv_reads=512 batch_size=49
[2m2026-08-18T20:32:04.493041Z[0m [32m INFO[0m [2minstrumented_scheduler._bench_step_decode[0m[2m:[0m Benchmark decode: total_kv_reads=256 batch_size=49
[2m2026-08-18T20:32:04.620668Z[0m [32m INFO[0m [2minstrumented_scheduler._bench_step_decode[0m[2m:[0m Benchmark decode: total_kv_reads=128 batch_size=49
[2m2026-08-18T20:32:04.746552Z[0m [32m INFO[0m [2minstrumented_scheduler._bench_step_decode[0m[2m:[0m Benchmark decode: total_kv_reads=98 batch_size=49
[2m2026-08-18T20:32:04.871032Z[0m [32m INFO[0m [2minstrumented_scheduler._bench_step_decode[0m[2m:[0m Benchmark decode: total_kv_reads=98 batch_size=49
[2m2026-08-18T20:32:05.146793Z[0m [32m INFO[0m [2minstrumented_scheduler._kvwarm_start_stage[0m[2m:[0m KVWARM: stage build batch=48 depth=28416
[2m2026-08-18T20:32:35.172402Z[0m [32m INFO[0m [2minstrumented_scheduler._kvwarm_monitor_build[0m[2m:[0m KVWARM: stage ready batch=48 (30.2s)
[2m2026-08-18T20:32:35.296814Z[0m [32m INFO[0m [2minstrumented_scheduler._bench_step_decode[0m[2m:[0m Benchmark decode: total_kv_reads=1048576 batch_size=48
[2m2026-08-18T20:32:35.618247Z[0m [32m INFO[0m [2minstrumented_scheduler._bench_step_decode[0m[2m:[0m Benchmark decode: total_kv_reads=524288 batch_size=48
[2m2026-08-18T20:32:35.824852Z[0m [32m INFO[0m [2minstrumented_scheduler._bench_step_decode[0m[2m:[0m Benchmark decode: total_kv_reads=262144 batch_size=48
[2m2026-08-18T20:32:35.992079Z[0m [32m INFO[0m [2minstrumented_scheduler._bench_step_decode[0m[2m:[0m Benchmark decode: total_kv_reads=131072 batch_size=48
[2m2026-08-18T20:32:36.142600Z[0m [32m INFO[0m [2minstrumented_scheduler._bench_step_decode[0m[2m:[0m Benchmark decode: total_kv_reads=65536 batch_size=48
[2m2026-08-18T20:32:36.281723Z[0m [32m INFO[0m [2minstrumented_scheduler._bench_step_decode[0m[2m:[0m Benchmark decode: total_kv_reads=32768 batch_size=48
[2m2026-08-18T20:32:36.428187Z[0m [32m INFO[0m [2minstrumented_scheduler._bench_step_decode[0m[2m:[0m Benchmark decode: total_kv_reads=16384 batch_size=48
[2m2026-08-18T20:32:36.557280Z[0m [32m INFO[0m [2minstrumented_scheduler._bench_step_decode[0m[2m:[0m Benchmark decode: total_kv_reads=8192 batch_size=48
[2m2026-08-18T20:32:36.684380Z[0m [32m INFO[0m [2minstrumented_scheduler._bench_step_decode[0m[2m:[0m Benchmark decode: total_kv_reads=4096 batch_size=48
[2m2026-08-18T20:32:36.810794Z[0m [32m INFO[0m [2minstrumented_scheduler._bench_step_decode[0m[2m:[0m Benchmark decode: total_kv_reads=2048 batch_size=48
[2m2026-08-18T20:32:36.936025Z[0m [32m INFO[0m [2minstrumented_scheduler._bench_step_decode[0m[2m:[0m Benchmark decode: total_kv_reads=1024 batch_size=48
[2m2026-08-18T20:32:37.060825Z[0m [32m INFO[0m [2minstrumented_scheduler._bench_step_decode[0m[2m:[0m Benchmark decode: total_kv_reads=512 batch_size=48
[2m2026-08-18T20:32:37.184202Z[0m [32m INFO[0m [2minstrumented_scheduler._bench_step_decode[0m[2m:[0m Benchmark decode: total_kv_reads=256 batch_size=48
[2m2026-08-18T20:32:37.305984Z[0m [32m INFO[0m [2minstrumented_scheduler._bench_step_decode[0m[2m:[0m Benchmark decode: total_kv_reads=128 batch_size=48
[2m2026-08-18T20:32:37.426355Z[0m [32m INFO[0m [2minstrumented_scheduler._bench_step_decode[0m[2m:[0m Benchmark decode: total_kv_reads=96 batch_size=48
[2m2026-08-18T20:32:37.546287Z[0m [32m INFO[0m [2minstrumented_scheduler._bench_step_decode[0m[2m:[0m Benchmark decode: total_kv_reads=96 batch_size=48
[2m2026-08-18T20:32:38.054584Z[0m [32m INFO[0m [2minstrumented_scheduler._kvwarm_start_stage[0m[2m:[0m KVWARM: stage build batch=41 depth=33280
[2m2026-08-18T20:33:43.998329Z[0m [32m INFO[0m [2minstrumented_scheduler._kvwarm_monitor_build[0m[2m:[0m KVWARM: stage ready batch=41 (66.3s)
[2m2026-08-18T20:33:44.328318Z[0m [32m INFO[0m [2minstrumented_scheduler._bench_step_decode[0m[2m:[0m Benchmark decode: total_kv_reads=1048576 batch_size=41
[2m2026-08-18T20:33:44.674033Z[0m [32m INFO[0m [2minstrumented_scheduler._bench_step_decode[0m[2m:[0m Benchmark decode: total_kv_reads=524288 batch_size=41
[2m2026-08-18T20:33:44.879643Z[0m [32m INFO[0m [2minstrumented_scheduler._bench_step_decode[0m[2m:[0m Benchmark decode: total_kv_reads=262144 batch_size=41
[2m2026-08-18T20:33:45.044964Z[0m [32m INFO[0m [2minstrumented_scheduler._bench_step_decode[0m[2m:[0m Benchmark decode: total_kv_reads=131072 batch_size=41
[2m2026-08-18T20:33:45.191805Z[0m [32m INFO[0m [2minstrumented_scheduler._bench_step_decode[0m[2m:[0m Benchmark decode: total_kv_reads=65536 batch_size=41
[2m2026-08-18T20:33:45.328006Z[0m [32m INFO[0m [2minstrumented_scheduler._bench_step_decode[0m[2m:[0m Benchmark decode: total_kv_reads=32768 batch_size=41
[2m2026-08-18T20:33:45.459012Z[0m [32m INFO[0m [2minstrumented_scheduler._bench_step_decode[0m[2m:[0m Benchmark decode: total_kv_reads=16384 batch_size=41
[2m2026-08-18T20:33:45.587831Z[0m [32m INFO[0m [2minstrumented_scheduler._bench_step_decode[0m[2m:[0m Benchmark decode: total_kv_reads=8192 batch_size=41
[2m2026-08-18T20:33:45.714768Z[0m [32m INFO[0m [2minstrumented_scheduler._bench_step_decode[0m[2m:[0m Benchmark decode: total_kv_reads=4096 batch_size=41
[2m2026-08-18T20:33:45.840948Z[0m [32m INFO[0m [2minstrumented_scheduler._bench_step_decode[0m[2m:[0m Benchmark decode: total_kv_reads=2048 batch_size=41
[2m2026-08-18T20:33:45.965938Z[0m [32m INFO[0m [2minstrumented_scheduler._bench_step_decode[0m[2m:[0m Benchmark decode: total_kv_reads=1024 batch_size=41
[2m2026-08-18T20:33:46.089939Z[0m [32m INFO[0m [2minstrumented_scheduler._bench_step_decode[0m[2m:[0m Benchmark decode: total_kv_reads=512 batch_size=41
[2m2026-08-18T20:33:46.212360Z[0m [32m INFO[0m [2minstrumented_scheduler._bench_step_decode[0m[2m:[0m Benchmark decode: total_kv_reads=256 batch_size=41
[2m2026-08-18T20:33:46.334772Z[0m [32m INFO[0m [2minstrumented_scheduler._bench_step_decode[0m[2m:[0m Benchmark decode: total_kv_reads=128 batch_size=41
[2m2026-08-18T20:33:46.455816Z[0m [32m INFO[0m [2minstrumented_scheduler._bench_step_decode[0m[2m:[0m Benchmark decode: total_kv_reads=82 batch_size=41
[2m2026-08-18T20:33:46.574593Z[0m [32m INFO[0m [2minstrumented_scheduler._bench_step_decode[0m[2m:[0m Benchmark decode: total_kv_reads=82 batch_size=41
[2m2026-08-18T20:33:46.833305Z[0m [32m INFO[0m [2minstrumented_scheduler._kvwarm_start_stage[0m[2m:[0m KVWARM: stage build batch=40 depth=34112
[2m2026-08-18T20:34:18.932148Z[0m [32m INFO[0m [2minstrumented_scheduler._kvwarm_monitor_build[0m[2m:[0m KVWARM: stage ready batch=40 (32.2s)
[2m2026-08-18T20:34:19.206683Z[0m [32m INFO[0m [2minstrumented_scheduler._bench_step_decode[0m[2m:[0m Benchmark decode: total_kv_reads=1048576 batch_size=40
[2m2026-08-18T20:34:19.528714Z[0m [32m INFO[0m [2minstrumented_scheduler._bench_step_decode[0m[2m:[0m Benchmark decode: total_kv_reads=524288 batch_size=40
[2m2026-08-18T20:34:19.734196Z[0m [32m INFO[0m [2minstrumented_scheduler._bench_step_decode[0m[2m:[0m Benchmark decode: total_kv_reads=262144 batch_size=40
[2m2026-08-18T20:34:19.896706Z[0m [32m INFO[0m [2minstrumented_scheduler._bench_step_decode[0m[2m:[0m Benchmark decode: total_kv_reads=131072 batch_size=40
[2m2026-08-18T20:34:20.040950Z[0m [32m INFO[0m [2minstrumented_scheduler._bench_step_decode[0m[2m:[0m Benchmark decode: total_kv_reads=65536 batch_size=40
[2m2026-08-18T20:34:20.175140Z[0m [32m INFO[0m [2minstrumented_scheduler._bench_step_decode[0m[2m:[0m Benchmark decode: total_kv_reads=32768 batch_size=40
[2m2026-08-18T20:34:20.303630Z[0m [32m INFO[0m [2minstrumented_scheduler._bench_step_decode[0m[2m:[0m Benchmark decode: total_kv_reads=16384 batch_size=40
[2m2026-08-18T20:34:20.430061Z[0m [32m INFO[0m [2minstrumented_scheduler._bench_step_decode[0m[2m:[0m Benchmark decode: total_kv_reads=8192 batch_size=40
[2m2026-08-18T20:34:20.569251Z[0m [32m INFO[0m [2minstrumented_scheduler._bench_step_decode[0m[2m:[0m Benchmark decode: total_kv_reads=4096 batch_size=40
[2m2026-08-18T20:34:20.691588Z[0m [32m INFO[0m [2minstrumented_scheduler._bench_step_decode[0m[2m:[0m Benchmark decode: total_kv_reads=2048 batch_size=40
[2m2026-08-18T20:34:20.813310Z[0m [32m INFO[0m [2minstrumented_scheduler._bench_step_decode[0m[2m:[0m Benchmark decode: total_kv_reads=1024 batch_size=40
[2m2026-08-18T20:34:20.934160Z[0m [32m INFO[0m [2minstrumented_scheduler._bench_step_decode[0m[2m:[0m Benchmark decode: total_kv_reads=512 batch_size=40
[2m2026-08-18T20:34:21.052892Z[0m [32m INFO[0m [2minstrumented_scheduler._bench_step_decode[0m[2m:[0m Benchmark decode: total_kv_reads=256 batch_size=40
[2m2026-08-18T20:34:21.170733Z[0m [32m INFO[0m [2minstrumented_scheduler._bench_step_decode[0m[2m:[0m Benchmark decode: total_kv_reads=128 batch_size=40
[2m2026-08-18T20:34:21.432996Z[0m [32m INFO[0m [2minstrumented_scheduler._bench_step_decode[0m[2m:[0m Benchmark decode: total_kv_reads=80 batch_size=40
[2m2026-08-18T20:34:21.547059Z[0m [32m INFO[0m [2minstrumented_scheduler._bench_step_decode[0m[2m:[0m Benchmark decode: total_kv_reads=80 batch_size=40
[2m2026-08-18T20:34:22.132616Z[0m [32m INFO[0m [2minstrumented_scheduler._kvwarm_start_stage[0m[2m:[0m KVWARM: stage build batch=33 depth=41408
[2m2026-08-18T20:35:29.372947Z[0m [32m INFO[0m [2minstrumented_scheduler._kvwarm_monitor_build[0m[2m:[0m KVWARM: stage ready batch=33 (67.7s)
[2m2026-08-18T20:35:29.743816Z[0m [32m INFO[0m [2minstrumented_scheduler._bench_step_decode[0m[2m:[0m Benchmark decode: total_kv_reads=1048576 batch_size=33
[2m2026-08-18T20:35:30.085883Z[0m [32m INFO[0m [2minstrumented_scheduler._bench_step_decode[0m[2m:[0m Benchmark decode: total_kv_reads=524288 batch_size=33
[2m2026-08-18T20:35:30.285400Z[0m [32m INFO[0m [2minstrumented_scheduler._bench_step_decode[0m[2m:[0m Benchmark decode: total_kv_reads=262144 batch_size=33
[2m2026-08-18T20:35:30.446646Z[0m [32m INFO[0m [2minstrumented_scheduler._bench_step_decode[0m[2m:[0m Benchmark decode: total_kv_reads=131072 batch_size=33
[2m2026-08-18T20:35:30.590708Z[0m [32m INFO[0m [2minstrumented_scheduler._bench_step_decode[0m[2m:[0m Benchmark decode: total_kv_reads=65536 batch_size=33
[2m2026-08-18T20:35:30.725244Z[0m [32m INFO[0m [2minstrumented_scheduler._bench_step_decode[0m[2m:[0m Benchmark decode: total_kv_reads=32768 batch_size=33
[2m2026-08-18T20:35:30.853893Z[0m [32m INFO[0m [2minstrumented_scheduler._bench_step_decode[0m[2m:[0m Benchmark decode: total_kv_reads=16384 batch_size=33
[2m2026-08-18T20:35:30.979367Z[0m [32m INFO[0m [2minstrumented_scheduler._bench_step_decode[0m[2m:[0m Benchmark decode: total_kv_reads=8192 batch_size=33
[2m2026-08-18T20:35:31.102832Z[0m [32m INFO[0m [2minstrumented_scheduler._bench_step_decode[0m[2m:[0m Benchmark decode: total_kv_reads=4096 batch_size=33
[2m2026-08-18T20:35:31.225909Z[0m [32m INFO[0m [2minstrumented_scheduler._bench_step_decode[0m[2m:[0m Benchmark decode: total_kv_reads=2048 batch_size=33
[2m2026-08-18T20:35:31.347787Z[0m [32m INFO[0m [2minstrumented_scheduler._bench_step_decode[0m[2m:[0m Benchmark decode: total_kv_reads=1024 batch_size=33
[2m2026-08-18T20:35:31.469370Z[0m [32m INFO[0m [2minstrumented_scheduler._bench_step_decode[0m[2m:[0m Benchmark decode: total_kv_reads=512 batch_size=33
[2m2026-08-18T20:35:31.590331Z[0m [32m INFO[0m [2minstrumented_scheduler._bench_step_decode[0m[2m:[0m Benchmark decode: total_kv_reads=256 batch_size=33
[2m2026-08-18T20:35:31.710386Z[0m [32m INFO[0m [2minstrumented_scheduler._bench_step_decode[0m[2m:[0m Benchmark decode: total_kv_reads=128 batch_size=33
[2m2026-08-18T20:35:31.829155Z[0m [32m INFO[0m [2minstrumented_scheduler._bench_step_decode[0m[2m:[0m Benchmark decode: total_kv_reads=66 batch_size=33
[2m2026-08-18T20:35:31.945123Z[0m [32m INFO[0m [2minstrumented_scheduler._bench_step_decode[0m[2m:[0m Benchmark decode: total_kv_reads=66 batch_size=33
[2m2026-08-18T20:35:32.226116Z[0m [32m INFO[0m [2minstrumented_scheduler._kvwarm_start_stage[0m[2m:[0m KVWARM: stage build batch=32 depth=42688
[2m2026-08-18T20:36:08.843881Z[0m [32m INFO[0m [2minstrumented_scheduler._kvwarm_monitor_build[0m[2m:[0m KVWARM: stage ready batch=32 (36.8s)
[2m2026-08-18T20:36:09.002030Z[0m [32m INFO[0m [2minstrumented_scheduler._bench_step_decode[0m[2m:[0m Benchmark decode: total_kv_reads=1048576 batch_size=32
[2m2026-08-18T20:36:09.337033Z[0m [32m INFO[0m [2minstrumented_scheduler._bench_step_decode[0m[2m:[0m Benchmark decode: total_kv_reads=524288 batch_size=32
[2m2026-08-18T20:36:09.529332Z[0m [32m INFO[0m [2minstrumented_scheduler._bench_step_decode[0m[2m:[0m Benchmark decode: total_kv_reads=262144 batch_size=32
[2m2026-08-18T20:36:09.683502Z[0m [32m INFO[0m [2minstrumented_scheduler._bench_step_decode[0m[2m:[0m Benchmark decode: total_kv_reads=131072 batch_size=32
[2m2026-08-18T20:36:09.820281Z[0m [32m INFO[0m [2minstrumented_scheduler._bench_step_decode[0m[2m:[0m Benchmark decode: total_kv_reads=65536 batch_size=32
[2m2026-08-18T20:36:09.948007Z[0m [32m INFO[0m [2minstrumented_scheduler._bench_step_decode[0m[2m:[0m Benchmark decode: total_kv_reads=32768 batch_size=32
[2m2026-08-18T20:36:10.071109Z[0m [32m INFO[0m [2minstrumented_scheduler._bench_step_decode[0m[2m:[0m Benchmark decode: total_kv_reads=16384 batch_size=32
[2m2026-08-18T20:36:10.190383Z[0m [32m INFO[0m [2minstrumented_scheduler._bench_step_decode[0m[2m:[0m Benchmark decode: total_kv_reads=8192 batch_size=32
[2m2026-08-18T20:36:10.308329Z[0m [32m INFO[0m [2minstrumented_scheduler._bench_step_decode[0m[2m:[0m Benchmark decode: total_kv_reads=4096 batch_size=32
[2m2026-08-18T20:36:10.424937Z[0m [32m INFO[0m [2minstrumented_scheduler._bench_step_decode[0m[2m:[0m Benchmark decode: total_kv_reads=2048 batch_size=32
[2m2026-08-18T20:36:10.540797Z[0m [32m INFO[0m [2minstrumented_scheduler._bench_step_decode[0m[2m:[0m Benchmark decode: total_kv_reads=1024 batch_size=32
[2m2026-08-18T20:36:10.656363Z[0m [32m INFO[0m [2minstrumented_scheduler._bench_step_decode[0m[2m:[0m Benchmark decode: total_kv_reads=512 batch_size=32
[2m2026-08-18T20:36:10.771447Z[0m [32m INFO[0m [2minstrumented_scheduler._bench_step_decode[0m[2m:[0m Benchmark decode: total_kv_reads=256 batch_size=32
[2m2026-08-18T20:36:10.884533Z[0m [32m INFO[0m [2minstrumented_scheduler._bench_step_decode[0m[2m:[0m Benchmark decode: total_kv_reads=128 batch_size=32
[2m2026-08-18T20:36:10.996645Z[0m [32m INFO[0m [2minstrumented_scheduler._bench_step_decode[0m[2m:[0m Benchmark decode: total_kv_reads=64 batch_size=32
[2m2026-08-18T20:36:11.106992Z[0m [32m INFO[0m [2minstrumented_scheduler._bench_step_decode[0m[2m:[0m Benchmark decode: total_kv_reads=64 batch_size=32
[2m2026-08-18T20:36:11.776499Z[0m [32m INFO[0m [2minstrumented_scheduler._kvwarm_start_stage[0m[2m:[0m KVWARM: stage build batch=25 depth=54656
[2m2026-08-18T20:37:20.900105Z[0m [32m INFO[0m [2minstrumented_scheduler._kvwarm_monitor_build[0m[2m:[0m KVWARM: stage ready batch=25 (69.7s)
[2m2026-08-18T20:37:21.131774Z[0m [32m INFO[0m [2minstrumented_scheduler._bench_step_decode[0m[2m:[0m Benchmark decode: total_kv_reads=1048576 batch_size=25
[2m2026-08-18T20:37:21.464131Z[0m [32m INFO[0m [2minstrumented_scheduler._bench_step_decode[0m[2m:[0m Benchmark decode: total_kv_reads=524288 batch_size=25
[2m2026-08-18T20:37:21.656629Z[0m [32m INFO[0m [2minstrumented_scheduler._bench_step_decode[0m[2m:[0m Benchmark decode: total_kv_reads=262144 batch_size=25
[2m2026-08-18T20:37:21.810230Z[0m [32m INFO[0m [2minstrumented_scheduler._bench_step_decode[0m[2m:[0m Benchmark decode: total_kv_reads=131072 batch_size=25
[2m2026-08-18T20:37:21.946592Z[0m [32m INFO[0m [2minstrumented_scheduler._bench_step_decode[0m[2m:[0m Benchmark decode: total_kv_reads=65536 batch_size=25
[2m2026-08-18T20:37:22.074665Z[0m [32m INFO[0m [2minstrumented_scheduler._bench_step_decode[0m[2m:[0m Benchmark decode: total_kv_reads=32768 batch_size=25
[2m2026-08-18T20:37:22.197283Z[0m [32m INFO[0m [2minstrumented_scheduler._bench_step_decode[0m[2m:[0m Benchmark decode: total_kv_reads=16384 batch_size=25
[2m2026-08-18T20:37:22.317162Z[0m [32m INFO[0m [2minstrumented_scheduler._bench_step_decode[0m[2m:[0m Benchmark decode: total_kv_reads=8192 batch_size=25
[2m2026-08-18T20:37:22.435371Z[0m [32m INFO[0m [2minstrumented_scheduler._bench_step_decode[0m[2m:[0m Benchmark decode: total_kv_reads=4096 batch_size=25
[2m2026-08-18T20:37:22.552180Z[0m [32m INFO[0m [2minstrumented_scheduler._bench_step_decode[0m[2m:[0m Benchmark decode: total_kv_reads=2048 batch_size=25
[2m2026-08-18T20:37:22.668922Z[0m [32m INFO[0m [2minstrumented_scheduler._bench_step_decode[0m[2m:[0m Benchmark decode: total_kv_reads=1024 batch_size=25
[2m2026-08-18T20:37:22.784943Z[0m [32m INFO[0m [2minstrumented_scheduler._bench_step_decode[0m[2m:[0m Benchmark decode: total_kv_reads=512 batch_size=25
[2m2026-08-18T20:37:22.901020Z[0m [32m INFO[0m [2minstrumented_scheduler._bench_step_decode[0m[2m:[0m Benchmark decode: total_kv_reads=256 batch_size=25
[2m2026-08-18T20:37:23.015628Z[0m [32m INFO[0m [2minstrumented_scheduler._bench_step_decode[0m[2m:[0m Benchmark decode: total_kv_reads=128 batch_size=25
[2m2026-08-18T20:37:23.131051Z[0m [32m INFO[0m [2minstrumented_scheduler._bench_step_decode[0m[2m:[0m Benchmark decode: total_kv_reads=64 batch_size=25
[2m2026-08-18T20:37:23.243561Z[0m [32m INFO[0m [2minstrumented_scheduler._bench_step_decode[0m[2m:[0m Benchmark decode: total_kv_reads=50 batch_size=25
[2m2026-08-18T20:37:23.355061Z[0m [32m INFO[0m [2minstrumented_scheduler._bench_step_decode[0m[2m:[0m Benchmark decode: total_kv_reads=50 batch_size=25
[2m2026-08-18T20:37:23.661782Z[0m [32m INFO[0m [2minstrumented_scheduler._kvwarm_start_stage[0m[2m:[0m KVWARM: stage build batch=24 depth=56896
[2m2026-08-18T20:38:00.785921Z[0m [32m INFO[0m [2minstrumented_scheduler._kvwarm_monitor_build[0m[2m:[0m KVWARM: stage ready batch=24 (37.3s)
[2m2026-08-18T20:38:01.248256Z[0m [32m INFO[0m [2minstrumented_scheduler._bench_step_decode[0m[2m:[0m Benchmark decode: total_kv_reads=1048576 batch_size=24
[2m2026-08-18T20:38:01.570785Z[0m [32m INFO[0m [2minstrumented_scheduler._bench_step_decode[0m[2m:[0m Benchmark decode: total_kv_reads=524288 batch_size=24
[2m2026-08-18T20:38:01.756950Z[0m [32m INFO[0m [2minstrumented_scheduler._bench_step_decode[0m[2m:[0m Benchmark decode: total_kv_reads=262144 batch_size=24
[2m2026-08-18T20:38:01.905263Z[0m [32m INFO[0m [2minstrumented_scheduler._bench_step_decode[0m[2m:[0m Benchmark decode: total_kv_reads=131072 batch_size=24
[2m2026-08-18T20:38:02.036385Z[0m [32m INFO[0m [2minstrumented_scheduler._bench_step_decode[0m[2m:[0m Benchmark decode: total_kv_reads=65536 batch_size=24
[2m2026-08-18T20:38:02.159002Z[0m [32m INFO[0m [2minstrumented_scheduler._bench_step_decode[0m[2m:[0m Benchmark decode: total_kv_reads=32768 batch_size=24
[2m2026-08-18T20:38:02.276598Z[0m [32m INFO[0m [2minstrumented_scheduler._bench_step_decode[0m[2m:[0m Benchmark decode: total_kv_reads=16384 batch_size=24
[2m2026-08-18T20:38:02.390286Z[0m [32m INFO[0m [2minstrumented_scheduler._bench_step_decode[0m[2m:[0m Benchmark decode: total_kv_reads=8192 batch_size=24
[2m2026-08-18T20:38:02.502994Z[0m [32m INFO[0m [2minstrumented_scheduler._bench_step_decode[0m[2m:[0m Benchmark decode: total_kv_reads=4096 batch_size=24
[2m2026-08-18T20:38:02.615830Z[0m [32m INFO[0m [2minstrumented_scheduler._bench_step_decode[0m[2m:[0m Benchmark decode: total_kv_reads=2048 batch_size=24
[2m2026-08-18T20:38:02.727677Z[0m [32m INFO[0m [2minstrumented_scheduler._bench_step_decode[0m[2m:[0m Benchmark decode: total_kv_reads=1024 batch_size=24
[2m2026-08-18T20:38:02.838610Z[0m [32m INFO[0m [2minstrumented_scheduler._bench_step_decode[0m[2m:[0m Benchmark decode: total_kv_reads=512 batch_size=24
[2m2026-08-18T20:38:02.948988Z[0m [32m INFO[0m [2minstrumented_scheduler._bench_step_decode[0m[2m:[0m Benchmark decode: total_kv_reads=256 batch_size=24
[2m2026-08-18T20:38:03.058167Z[0m [32m INFO[0m [2minstrumented_scheduler._bench_step_decode[0m[2m:[0m Benchmark decode: total_kv_reads=128 batch_size=24
[2m2026-08-18T20:38:03.166177Z[0m [32m INFO[0m [2minstrumented_scheduler._bench_step_decode[0m[2m:[0m Benchmark decode: total_kv_reads=64 batch_size=24
[2m2026-08-18T20:38:03.273519Z[0m [32m INFO[0m [2minstrumented_scheduler._bench_step_decode[0m[2m:[0m Benchmark decode: total_kv_reads=48 batch_size=24
[2m2026-08-18T20:38:03.378854Z[0m [32m INFO[0m [2minstrumented_scheduler._bench_step_decode[0m[2m:[0m Benchmark decode: total_kv_reads=48 batch_size=24
[2m2026-08-18T20:38:04.192128Z[0m [32m INFO[0m [2minstrumented_scheduler._kvwarm_start_stage[0m[2m:[0m KVWARM: stage build batch=17 depth=80384
[2m2026-08-18T20:39:16.042253Z[0m [32m INFO[0m [2minstrumented_scheduler._kvwarm_monitor_build[0m[2m:[0m KVWARM: stage ready batch=17 (72.5s)
[2m2026-08-18T20:39:16.206740Z[0m [32m INFO[0m [2minstrumented_scheduler._bench_step_decode[0m[2m:[0m Benchmark decode: total_kv_reads=1048576 batch_size=17
[2m2026-08-18T20:39:16.524249Z[0m [32m INFO[0m [2minstrumented_scheduler._bench_step_decode[0m[2m:[0m Benchmark decode: total_kv_reads=524288 batch_size=17
[2m2026-08-18T20:39:16.705453Z[0m [32m INFO[0m [2minstrumented_scheduler._bench_step_decode[0m[2m:[0m Benchmark decode: total_kv_reads=262144 batch_size=17
[2m2026-08-18T20:39:16.849407Z[0m [32m INFO[0m [2minstrumented_scheduler._bench_step_decode[0m[2m:[0m Benchmark decode: total_kv_reads=131072 batch_size=17
[2m2026-08-18T20:39:16.975904Z[0m [32m INFO[0m [2minstrumented_scheduler._bench_step_decode[0m[2m:[0m Benchmark decode: total_kv_reads=65536 batch_size=17
[2m2026-08-18T20:39:17.092867Z[0m [32m INFO[0m [2minstrumented_scheduler._bench_step_decode[0m[2m:[0m Benchmark decode: total_kv_reads=32768 batch_size=17
[2m2026-08-18T20:39:17.205421Z[0m [32m INFO[0m [2minstrumented_scheduler._bench_step_decode[0m[2m:[0m Benchmark decode: total_kv_reads=16384 batch_size=17
[2m2026-08-18T20:39:17.315461Z[0m [32m INFO[0m [2minstrumented_scheduler._bench_step_decode[0m[2m:[0m Benchmark decode: total_kv_reads=8192 batch_size=17
[2m2026-08-18T20:39:17.423993Z[0m [32m INFO[0m [2minstrumented_scheduler._bench_step_decode[0m[2m:[0m Benchmark decode: total_kv_reads=4096 batch_size=17
[2m2026-08-18T20:39:17.531131Z[0m [32m INFO[0m [2minstrumented_scheduler._bench_step_decode[0m[2m:[0m Benchmark decode: total_kv_reads=2048 batch_size=17
[2m2026-08-18T20:39:17.637780Z[0m [32m INFO[0m [2minstrumented_scheduler._bench_step_decode[0m[2m:[0m Benchmark decode: total_kv_reads=1024 batch_size=17
[2m2026-08-18T20:39:17.744928Z[0m [32m INFO[0m [2minstrumented_scheduler._bench_step_decode[0m[2m:[0m Benchmark decode: total_kv_reads=512 batch_size=17
[2m2026-08-18T20:39:17.850945Z[0m [32m INFO[0m [2minstrumented_scheduler._bench_step_decode[0m[2m:[0m Benchmark decode: total_kv_reads=256 batch_size=17
[2m2026-08-18T20:39:17.957102Z[0m [32m INFO[0m [2minstrumented_scheduler._bench_step_decode[0m[2m:[0m Benchmark decode: total_kv_reads=128 batch_size=17
[2m2026-08-18T20:39:18.062550Z[0m [32m INFO[0m [2minstrumented_scheduler._bench_step_decode[0m[2m:[0m Benchmark decode: total_kv_reads=64 batch_size=17
[2m2026-08-18T20:39:18.167677Z[0m [32m INFO[0m [2minstrumented_scheduler._bench_step_decode[0m[2m:[0m Benchmark decode: total_kv_reads=34 batch_size=17
[2m2026-08-18T20:39:18.269397Z[0m [32m INFO[0m [2minstrumented_scheduler._bench_step_decode[0m[2m:[0m Benchmark decode: total_kv_reads=34 batch_size=17
[2m2026-08-18T20:39:18.599498Z[0m [32m INFO[0m [2minstrumented_scheduler._kvwarm_start_stage[0m[2m:[0m KVWARM: stage build batch=16 depth=85376
[2m2026-08-18T20:39:58.681370Z[0m [32m INFO[0m [2minstrumented_scheduler._kvwarm_monitor_build[0m[2m:[0m KVWARM: stage ready batch=16 (40.3s)
[2m2026-08-18T20:39:58.918438Z[0m [32m INFO[0m [2minstrumented_scheduler._bench_step_decode[0m[2m:[0m Benchmark decode: total_kv_reads=1048576 batch_size=16
[2m2026-08-18T20:39:59.227906Z[0m [32m INFO[0m [2minstrumented_scheduler._bench_step_decode[0m[2m:[0m Benchmark decode: total_kv_reads=524288 batch_size=16
[2m2026-08-18T20:39:59.410383Z[0m [32m INFO[0m [2minstrumented_scheduler._bench_step_decode[0m[2m:[0m Benchmark decode: total_kv_reads=262144 batch_size=16
[2m2026-08-18T20:39:59.553392Z[0m [32m INFO[0m [2minstrumented_scheduler._bench_step_decode[0m[2m:[0m Benchmark decode: total_kv_reads=131072 batch_size=16
[2m2026-08-18T20:39:59.678703Z[0m [32m INFO[0m [2minstrumented_scheduler._bench_step_decode[0m[2m:[0m Benchmark decode: total_kv_reads=65536 batch_size=16
[2m2026-08-18T20:39:59.795004Z[0m [32m INFO[0m [2minstrumented_scheduler._bench_step_decode[0m[2m:[0m Benchmark decode: total_kv_reads=32768 batch_size=16
[2m2026-08-18T20:39:59.906978Z[0m [32m INFO[0m [2minstrumented_scheduler._bench_step_decode[0m[2m:[0m Benchmark decode: total_kv_reads=16384 batch_size=16
[2m2026-08-18T20:40:00.015771Z[0m [32m INFO[0m [2minstrumented_scheduler._bench_step_decode[0m[2m:[0m Benchmark decode: total_kv_reads=8192 batch_size=16
[2m2026-08-18T20:40:00.122382Z[0m [32m INFO[0m [2minstrumented_scheduler._bench_step_decode[0m[2m:[0m Benchmark decode: total_kv_reads=4096 batch_size=16
[2m2026-08-18T20:40:00.228676Z[0m [32m INFO[0m [2minstrumented_scheduler._bench_step_decode[0m[2m:[0m Benchmark decode: total_kv_reads=2048 batch_size=16
[2m2026-08-18T20:40:00.334328Z[0m [32m INFO[0m [2minstrumented_scheduler._bench_step_decode[0m[2m:[0m Benchmark decode: total_kv_reads=1024 batch_size=16
[2m2026-08-18T20:40:00.439246Z[0m [32m INFO[0m [2minstrumented_scheduler._bench_step_decode[0m[2m:[0m Benchmark decode: total_kv_reads=512 batch_size=16
[2m2026-08-18T20:40:00.543990Z[0m [32m INFO[0m [2minstrumented_scheduler._bench_step_decode[0m[2m:[0m Benchmark decode: total_kv_reads=256 batch_size=16
[2m2026-08-18T20:40:00.648251Z[0m [32m INFO[0m [2minstrumented_scheduler._bench_step_decode[0m[2m:[0m Benchmark decode: total_kv_reads=128 batch_size=16
[2m2026-08-18T20:40:00.751755Z[0m [32m INFO[0m [2minstrumented_scheduler._bench_step_decode[0m[2m:[0m Benchmark decode: total_kv_reads=64 batch_size=16
[2m2026-08-18T20:40:00.855671Z[0m [32m INFO[0m [2minstrumented_scheduler._bench_step_decode[0m[2m:[0m Benchmark decode: total_kv_reads=32 batch_size=16
[2m2026-08-18T20:40:00.957407Z[0m [32m INFO[0m [2minstrumented_scheduler._bench_step_decode[0m[2m:[0m Benchmark decode: total_kv_reads=32 batch_size=16
[2m2026-08-18T20:40:02.044303Z[0m [32m INFO[0m [2minstrumented_scheduler._kvwarm_start_stage[0m[2m:[0m KVWARM: stage build batch=9 depth=151808
[2m2026-08-18T20:41:21.446550Z[0m [32m INFO[0m [2minstrumented_scheduler._kvwarm_monitor_build[0m[2m:[0m KVWARM: stage ready batch=9 (80.4s)
[2m2026-08-18T20:41:22.037892Z[0m [32m INFO[0m [2minstrumented_scheduler._bench_step_decode[0m[2m:[0m Benchmark decode: total_kv_reads=1048576 batch_size=9
[2m2026-08-18T20:41:22.323827Z[0m [32m INFO[0m [2minstrumented_scheduler._bench_step_decode[0m[2m:[0m Benchmark decode: total_kv_reads=524288 batch_size=9
[2m2026-08-18T20:41:22.503611Z[0m [32m INFO[0m [2minstrumented_scheduler._bench_step_decode[0m[2m:[0m Benchmark decode: total_kv_reads=262144 batch_size=9
[2m2026-08-18T20:41:22.642657Z[0m [32m INFO[0m [2minstrumented_scheduler._bench_step_decode[0m[2m:[0m Benchmark decode: total_kv_reads=131072 batch_size=9
[2m2026-08-18T20:41:22.762741Z[0m [32m INFO[0m [2minstrumented_scheduler._bench_step_decode[0m[2m:[0m Benchmark decode: total_kv_reads=65536 batch_size=9
[2m2026-08-18T20:41:22.872791Z[0m [32m INFO[0m [2minstrumented_scheduler._bench_step_decode[0m[2m:[0m Benchmark decode: total_kv_reads=32768 batch_size=9
[2m2026-08-18T20:41:22.978365Z[0m [32m INFO[0m [2minstrumented_scheduler._bench_step_decode[0m[2m:[0m Benchmark decode: total_kv_reads=16384 batch_size=9
[2m2026-08-18T20:41:23.080849Z[0m [32m INFO[0m [2minstrumented_scheduler._bench_step_decode[0m[2m:[0m Benchmark decode: total_kv_reads=8192 batch_size=9
[2m2026-08-18T20:41:23.184392Z[0m [32m INFO[0m [2minstrumented_scheduler._bench_step_decode[0m[2m:[0m Benchmark decode: total_kv_reads=4096 batch_size=9
[2m2026-08-18T20:41:23.283808Z[0m [32m INFO[0m [2minstrumented_scheduler._bench_step_decode[0m[2m:[0m Benchmark decode: total_kv_reads=2048 batch_size=9
[2m2026-08-18T20:41:23.383574Z[0m [32m INFO[0m [2minstrumented_scheduler._bench_step_decode[0m[2m:[0m Benchmark decode: total_kv_reads=1024 batch_size=9
[2m2026-08-18T20:41:23.484919Z[0m [32m INFO[0m [2minstrumented_scheduler._bench_step_decode[0m[2m:[0m Benchmark decode: total_kv_reads=512 batch_size=9
[2m2026-08-18T20:41:23.584606Z[0m [32m INFO[0m [2minstrumented_scheduler._bench_step_decode[0m[2m:[0m Benchmark decode: total_kv_reads=256 batch_size=9
[2m2026-08-18T20:41:23.685832Z[0m [32m INFO[0m [2minstrumented_scheduler._bench_step_decode[0m[2m:[0m Benchmark decode: total_kv_reads=128 batch_size=9
[2m2026-08-18T20:41:23.784732Z[0m [32m INFO[0m [2minstrumented_scheduler._bench_step_decode[0m[2m:[0m Benchmark decode: total_kv_reads=64 batch_size=9
[2m2026-08-18T20:41:23.883941Z[0m [32m INFO[0m [2minstrumented_scheduler._bench_step_decode[0m[2m:[0m Benchmark decode: total_kv_reads=32 batch_size=9
[2m2026-08-18T20:41:23.982014Z[0m [32m INFO[0m [2minstrumented_scheduler._bench_step_decode[0m[2m:[0m Benchmark decode: total_kv_reads=18 batch_size=9
[2m2026-08-18T20:41:24.079036Z[0m [32m INFO[0m [2minstrumented_scheduler._bench_step_decode[0m[2m:[0m Benchmark decode: total_kv_reads=18 batch_size=9
[2m2026-08-18T20:41:24.522519Z[0m [32m INFO[0m [2minstrumented_scheduler._kvwarm_start_stage[0m[2m:[0m KVWARM: stage build batch=8 depth=170816
[2m2026-08-18T20:42:12.388145Z[0m [32m INFO[0m [2minstrumented_scheduler._kvwarm_monitor_build[0m[2m:[0m KVWARM: stage ready batch=8 (48.2s)
[2m2026-08-18T20:42:12.552454Z[0m [32m INFO[0m [2minstrumented_scheduler._bench_step_decode[0m[2m:[0m Benchmark decode: total_kv_reads=1048576 batch_size=8
[2m2026-08-18T20:42:12.837129Z[0m [32m INFO[0m [2minstrumented_scheduler._bench_step_decode[0m[2m:[0m Benchmark decode: total_kv_reads=524288 batch_size=8
[2m2026-08-18T20:42:13.004738Z[0m [32m INFO[0m [2minstrumented_scheduler._bench_step_decode[0m[2m:[0m Benchmark decode: total_kv_reads=262144 batch_size=8
[2m2026-08-18T20:42:13.133131Z[0m [32m INFO[0m [2minstrumented_scheduler._bench_step_decode[0m[2m:[0m Benchmark decode: total_kv_reads=131072 batch_size=8
[2m2026-08-18T20:42:13.242855Z[0m [32m INFO[0m [2minstrumented_scheduler._bench_step_decode[0m[2m:[0m Benchmark decode: total_kv_reads=65536 batch_size=8
[2m2026-08-18T20:42:13.342390Z[0m [32m INFO[0m [2minstrumented_scheduler._bench_step_decode[0m[2m:[0m Benchmark decode: total_kv_reads=32768 batch_size=8
[2m2026-08-18T20:42:13.437445Z[0m [32m INFO[0m [2minstrumented_scheduler._bench_step_decode[0m[2m:[0m Benchmark decode: total_kv_reads=16384 batch_size=8
[2m2026-08-18T20:42:13.528813Z[0m [32m INFO[0m [2minstrumented_scheduler._bench_step_decode[0m[2m:[0m Benchmark decode: total_kv_reads=8192 batch_size=8
[2m2026-08-18T20:42:13.618573Z[0m [32m INFO[0m [2minstrumented_scheduler._bench_step_decode[0m[2m:[0m Benchmark decode: total_kv_reads=4096 batch_size=8
[2m2026-08-18T20:42:13.707322Z[0m [32m INFO[0m [2minstrumented_scheduler._bench_step_decode[0m[2m:[0m Benchmark decode: total_kv_reads=2048 batch_size=8
[2m2026-08-18T20:42:13.795296Z[0m [32m INFO[0m [2minstrumented_scheduler._bench_step_decode[0m[2m:[0m Benchmark decode: total_kv_reads=1024 batch_size=8
[2m2026-08-18T20:42:13.883211Z[0m [32m INFO[0m [2minstrumented_scheduler._bench_step_decode[0m[2m:[0m Benchmark decode: total_kv_reads=512 batch_size=8
[2m2026-08-18T20:42:13.970654Z[0m [32m INFO[0m [2minstrumented_scheduler._bench_step_decode[0m[2m:[0m Benchmark decode: total_kv_reads=256 batch_size=8
[2m2026-08-18T20:42:14.057526Z[0m [32m INFO[0m [2minstrumented_scheduler._bench_step_decode[0m[2m:[0m Benchmark decode: total_kv_reads=128 batch_size=8
[2m2026-08-18T20:42:14.143893Z[0m [32m INFO[0m [2minstrumented_scheduler._bench_step_decode[0m[2m:[0m Benchmark decode: total_kv_reads=64 batch_size=8
[2m2026-08-18T20:42:14.230497Z[0m [32m INFO[0m [2minstrumented_scheduler._bench_step_decode[0m[2m:[0m Benchmark decode: total_kv_reads=32 batch_size=8
[2m2026-08-18T20:42:14.317165Z[0m [32m INFO[0m [2minstrumented_scheduler._bench_step_decode[0m[2m:[0m Benchmark decode: total_kv_reads=16 batch_size=8
[2m2026-08-18T20:42:14.403073Z[0m [32m INFO[0m [2minstrumented_scheduler._bench_step_decode[0m[2m:[0m Benchmark decode: total_kv_reads=16 batch_size=8
[2m2026-08-18T20:42:15.356243Z[0m [32m INFO[0m [2minstrumented_scheduler._kvwarm_start_stage[0m[2m:[0m KVWARM: stage build batch=5 depth=273344
[2m2026-08-18T20:43:42.483098Z[0m [32m INFO[0m [2minstrumented_scheduler._kvwarm_monitor_build[0m[2m:[0m KVWARM: stage ready batch=5 (88.0s)
[2m2026-08-18T20:43:43.014969Z[0m [32m INFO[0m [2minstrumented_scheduler._bench_step_decode[0m[2m:[0m Benchmark decode: total_kv_reads=1048576 batch_size=5
[2m2026-08-18T20:43:43.306396Z[0m [32m INFO[0m [2minstrumented_scheduler._bench_step_decode[0m[2m:[0m Benchmark decode: total_kv_reads=524288 batch_size=5
[2m2026-08-18T20:43:43.471910Z[0m [32m INFO[0m [2minstrumented_scheduler._bench_step_decode[0m[2m:[0m Benchmark decode: total_kv_reads=262144 batch_size=5
[2m2026-08-18T20:43:43.599383Z[0m [32m INFO[0m [2minstrumented_scheduler._bench_step_decode[0m[2m:[0m Benchmark decode: total_kv_reads=131072 batch_size=5
[2m2026-08-18T20:43:43.706154Z[0m [32m INFO[0m [2minstrumented_scheduler._bench_step_decode[0m[2m:[0m Benchmark decode: total_kv_reads=65536 batch_size=5
[2m2026-08-18T20:43:43.804257Z[0m [32m INFO[0m [2minstrumented_scheduler._bench_step_decode[0m[2m:[0m Benchmark decode: total_kv_reads=32768 batch_size=5
[2m2026-08-18T20:43:43.896417Z[0m [32m INFO[0m [2minstrumented_scheduler._bench_step_decode[0m[2m:[0m Benchmark decode: total_kv_reads=16384 batch_size=5
[2m2026-08-18T20:43:43.985328Z[0m [32m INFO[0m [2minstrumented_scheduler._bench_step_decode[0m[2m:[0m Benchmark decode: total_kv_reads=8192 batch_size=5
[2m2026-08-18T20:43:44.071992Z[0m [32m INFO[0m [2minstrumented_scheduler._bench_step_decode[0m[2m:[0m Benchmark decode: total_kv_reads=4096 batch_size=5
[2m2026-08-18T20:43:44.158167Z[0m [32m INFO[0m [2minstrumented_scheduler._bench_step_decode[0m[2m:[0m Benchmark decode: total_kv_reads=2048 batch_size=5
[2m2026-08-18T20:43:44.243698Z[0m [32m INFO[0m [2minstrumented_scheduler._bench_step_decode[0m[2m:[0m Benchmark decode: total_kv_reads=1024 batch_size=5
[2m2026-08-18T20:43:44.328862Z[0m [32m INFO[0m [2minstrumented_scheduler._bench_step_decode[0m[2m:[0m Benchmark decode: total_kv_reads=512 batch_size=5
[2m2026-08-18T20:43:44.414133Z[0m [32m INFO[0m [2minstrumented_scheduler._bench_step_decode[0m[2m:[0m Benchmark decode: total_kv_reads=256 batch_size=5
[2m2026-08-18T20:43:44.498733Z[0m [32m INFO[0m [2minstrumented_scheduler._bench_step_decode[0m[2m:[0m Benchmark decode: total_kv_reads=128 batch_size=5
[2m2026-08-18T20:43:44.583212Z[0m [32m INFO[0m [2minstrumented_scheduler._bench_step_decode[0m[2m:[0m Benchmark decode: total_kv_reads=64 batch_size=5
[2m2026-08-18T20:43:44.667970Z[0m [32m INFO[0m [2minstrumented_scheduler._bench_step_decode[0m[2m:[0m Benchmark decode: total_kv_reads=32 batch_size=5
[2m2026-08-18T20:43:44.752966Z[0m [32m INFO[0m [2minstrumented_scheduler._bench_step_decode[0m[2m:[0m Benchmark decode: total_kv_reads=16 batch_size=5
[2m2026-08-18T20:43:44.838192Z[0m [32m INFO[0m [2minstrumented_scheduler._bench_step_decode[0m[2m:[0m Benchmark decode: total_kv_reads=10 batch_size=5
[2m2026-08-18T20:43:44.923178Z[0m [32m INFO[0m [2minstrumented_scheduler._bench_step_decode[0m[2m:[0m Benchmark decode: total_kv_reads=10 batch_size=5
[2m2026-08-18T20:43:45.534141Z[0m [32m INFO[0m [2minstrumented_scheduler._kvwarm_start_stage[0m[2m:[0m KVWARM: stage build batch=4 depth=341696
[2m2026-08-18T20:44:49.191198Z[0m [32m INFO[0m [2minstrumented_scheduler._kvwarm_monitor_build[0m[2m:[0m KVWARM: stage ready batch=4 (64.2s)
[2m2026-08-18T20:44:49.603387Z[0m [32m INFO[0m [2minstrumented_scheduler._bench_step_decode[0m[2m:[0m Benchmark decode: total_kv_reads=1048576 batch_size=4
[2m2026-08-18T20:44:49.900103Z[0m [32m INFO[0m [2minstrumented_scheduler._bench_step_decode[0m[2m:[0m Benchmark decode: total_kv_reads=524288 batch_size=4
[2m2026-08-18T20:44:50.058382Z[0m [32m INFO[0m [2minstrumented_scheduler._bench_step_decode[0m[2m:[0m Benchmark decode: total_kv_reads=262144 batch_size=4
[2m2026-08-18T20:44:50.177202Z[0m [32m INFO[0m [2minstrumented_scheduler._bench_step_decode[0m[2m:[0m Benchmark decode: total_kv_reads=131072 batch_size=4
[2m2026-08-18T20:44:50.277699Z[0m [32m INFO[0m [2minstrumented_scheduler._bench_step_decode[0m[2m:[0m Benchmark decode: total_kv_reads=65536 batch_size=4
[2m2026-08-18T20:44:50.442923Z[0m [32m INFO[0m [2minstrumented_scheduler._bench_step_decode[0m[2m:[0m Benchmark decode: total_kv_reads=32768 batch_size=4
[2m2026-08-18T20:44:50.577512Z[0m [32m INFO[0m [2minstrumented_scheduler._bench_step_decode[0m[2m:[0m Benchmark decode: total_kv_reads=16384 batch_size=4
[2m2026-08-18T20:44:50.661004Z[0m [32m INFO[0m [2minstrumented_scheduler._bench_step_decode[0m[2m:[0m Benchmark decode: total_kv_reads=8192 batch_size=4
[2m2026-08-18T20:44:50.742829Z[0m [32m INFO[0m [2minstrumented_scheduler._bench_step_decode[0m[2m:[0m Benchmark decode: total_kv_reads=4096 batch_size=4
[2m2026-08-18T20:44:50.823438Z[0m [32m INFO[0m [2minstrumented_scheduler._bench_step_decode[0m[2m:[0m Benchmark decode: total_kv_reads=2048 batch_size=4
[2m2026-08-18T20:44:50.903440Z[0m [32m INFO[0m [2minstrumented_scheduler._bench_step_decode[0m[2m:[0m Benchmark decode: total_kv_reads=1024 batch_size=4
[2m2026-08-18T20:44:51.029569Z[0m [32m INFO[0m [2minstrumented_scheduler._bench_step_decode[0m[2m:[0m Benchmark decode: total_kv_reads=512 batch_size=4
[2m2026-08-18T20:44:51.168975Z[0m [32m INFO[0m [2minstrumented_scheduler._bench_step_decode[0m[2m:[0m Benchmark decode: total_kv_reads=256 batch_size=4
[2m2026-08-18T20:44:51.248358Z[0m [32m INFO[0m [2minstrumented_scheduler._bench_step_decode[0m[2m:[0m Benchmark decode: total_kv_reads=128 batch_size=4
[2m2026-08-18T20:44:51.327789Z[0m [32m INFO[0m [2minstrumented_scheduler._bench_step_decode[0m[2m:[0m Benchmark decode: total_kv_reads=64 batch_size=4
[2m2026-08-18T20:44:51.406830Z[0m [32m INFO[0m [2minstrumented_scheduler._bench_step_decode[0m[2m:[0m Benchmark decode: total_kv_reads=32 batch_size=4
[2m2026-08-18T20:44:51.485733Z[0m [32m INFO[0m [2minstrumented_scheduler._bench_step_decode[0m[2m:[0m Benchmark decode: total_kv_reads=16 batch_size=4
[2m2026-08-18T20:44:51.564801Z[0m [32m INFO[0m [2minstrumented_scheduler._bench_step_decode[0m[2m:[0m Benchmark decode: total_kv_reads=8 batch_size=4
[2m2026-08-18T20:44:51.643840Z[0m [32m INFO[0m [2minstrumented_scheduler._bench_step_decode[0m[2m:[0m Benchmark decode: total_kv_reads=8 batch_size=4
[2m2026-08-18T20:44:52.337593Z[0m [32m INFO[0m [2minstrumented_scheduler._kvwarm_start_stage[0m[2m:[0m KVWARM: stage build batch=3 depth=455552
[2m2026-08-18T20:46:10.756392Z[0m [32m INFO[0m [2minstrumented_scheduler._kvwarm_monitor_build[0m[2m:[0m KVWARM: stage ready batch=3 (79.0s)
[2m2026-08-18T20:46:11.277373Z[0m [32m INFO[0m [2minstrumented_scheduler._bench_step_decode[0m[2m:[0m Benchmark decode: total_kv_reads=1048576 batch_size=3
[2m2026-08-18T20:46:11.569138Z[0m [32m INFO[0m [2minstrumented_scheduler._bench_step_decode[0m[2m:[0m Benchmark decode: total_kv_reads=524288 batch_size=3
[2m2026-08-18T20:46:11.728283Z[0m [32m INFO[0m [2minstrumented_scheduler._bench_step_decode[0m[2m:[0m Benchmark decode: total_kv_reads=262144 batch_size=3
[2m2026-08-18T20:46:11.848172Z[0m [32m INFO[0m [2minstrumented_scheduler._bench_step_decode[0m[2m:[0m Benchmark decode: total_kv_reads=131072 batch_size=3
[2m2026-08-18T20:46:11.948863Z[0m [32m INFO[0m [2minstrumented_scheduler._bench_step_decode[0m[2m:[0m Benchmark decode: total_kv_reads=65536 batch_size=3
[2m2026-08-18T20:46:12.040041Z[0m [32m INFO[0m [2minstrumented_scheduler._bench_step_decode[0m[2m:[0m Benchmark decode: total_kv_reads=32768 batch_size=3
[2m2026-08-18T20:46:12.125997Z[0m [32m INFO[0m [2minstrumented_scheduler._bench_step_decode[0m[2m:[0m Benchmark decode: total_kv_reads=16384 batch_size=3
[2m2026-08-18T20:46:12.209266Z[0m [32m INFO[0m [2minstrumented_scheduler._bench_step_decode[0m[2m:[0m Benchmark decode: total_kv_reads=8192 batch_size=3
[2m2026-08-18T20:46:12.291329Z[0m [32m INFO[0m [2minstrumented_scheduler._bench_step_decode[0m[2m:[0m Benchmark decode: total_kv_reads=4096 batch_size=3
[2m2026-08-18T20:46:12.372250Z[0m [32m INFO[0m [2minstrumented_scheduler._bench_step_decode[0m[2m:[0m Benchmark decode: total_kv_reads=2048 batch_size=3
[2m2026-08-18T20:46:12.452146Z[0m [32m INFO[0m [2minstrumented_scheduler._bench_step_decode[0m[2m:[0m Benchmark decode: total_kv_reads=1024 batch_size=3
[2m2026-08-18T20:46:12.532250Z[0m [32m INFO[0m [2minstrumented_scheduler._bench_step_decode[0m[2m:[0m Benchmark decode: total_kv_reads=512 batch_size=3
[2m2026-08-18T20:46:12.611769Z[0m [32m INFO[0m [2minstrumented_scheduler._bench_step_decode[0m[2m:[0m Benchmark decode: total_kv_reads=256 batch_size=3
[2m2026-08-18T20:46:12.691354Z[0m [32m INFO[0m [2minstrumented_scheduler._bench_step_decode[0m[2m:[0m Benchmark decode: total_kv_reads=128 batch_size=3
[2m2026-08-18T20:46:12.770914Z[0m [32m INFO[0m [2minstrumented_scheduler._bench_step_decode[0m[2m:[0m Benchmark decode: total_kv_reads=64 batch_size=3
[2m2026-08-18T20:46:12.850156Z[0m [32m INFO[0m [2minstrumented_scheduler._bench_step_decode[0m[2m:[0m Benchmark decode: total_kv_reads=32 batch_size=3
[2m2026-08-18T20:46:12.929517Z[0m [32m INFO[0m [2minstrumented_scheduler._bench_step_decode[0m[2m:[0m Benchmark decode: total_kv_reads=16 batch_size=3
[2m2026-08-18T20:46:13.008439Z[0m [32m INFO[0m [2minstrumented_scheduler._bench_step_decode[0m[2m:[0m Benchmark decode: total_kv_reads=8 batch_size=3
[2m2026-08-18T20:46:13.088299Z[0m [32m INFO[0m [2minstrumented_scheduler._bench_step_decode[0m[2m:[0m Benchmark decode: total_kv_reads=6 batch_size=3
[2m2026-08-18T20:46:13.167603Z[0m [32m INFO[0m [2minstrumented_scheduler._bench_step_decode[0m[2m:[0m Benchmark decode: total_kv_reads=6 batch_size=3
[2m2026-08-18T20:46:14.042216Z[0m [32m INFO[0m [2minstrumented_scheduler._kvwarm_start_stage[0m[2m:[0m KVWARM: stage build batch=2 depth=683392
[2m2026-08-18T20:48:18.087526Z[0m [32m INFO[0m [2minstrumented_scheduler._kvwarm_monitor_build[0m[2m:[0m KVWARM: stage ready batch=2 (124.8s)
[2m2026-08-18T20:48:19.083102Z[0m [32m INFO[0m [2minstrumented_scheduler._bench_step_decode[0m[2m:[0m Benchmark decode: total_kv_reads=1048576 batch_size=2
[2m2026-08-18T20:48:19.368317Z[0m [32m INFO[0m [2minstrumented_scheduler._bench_step_decode[0m[2m:[0m Benchmark decode: total_kv_reads=524288 batch_size=2
[2m2026-08-18T20:48:19.518353Z[0m [32m INFO[0m [2minstrumented_scheduler._bench_step_decode[0m[2m:[0m Benchmark decode: total_kv_reads=262144 batch_size=2
[2m2026-08-18T20:48:19.628857Z[0m [32m INFO[0m [2minstrumented_scheduler._bench_step_decode[0m[2m:[0m Benchmark decode: total_kv_reads=131072 batch_size=2
[2m2026-08-18T20:48:19.718577Z[0m [32m INFO[0m [2minstrumented_scheduler._bench_step_decode[0m[2m:[0m Benchmark decode: total_kv_reads=65536 batch_size=2
[2m2026-08-18T20:48:19.798791Z[0m [32m INFO[0m [2minstrumented_scheduler._bench_step_decode[0m[2m:[0m Benchmark decode: total_kv_reads=32768 batch_size=2
[2m2026-08-18T20:48:19.874766Z[0m [32m INFO[0m [2minstrumented_scheduler._bench_step_decode[0m[2m:[0m Benchmark decode: total_kv_reads=16384 batch_size=2
[2m2026-08-18T20:48:19.947519Z[0m [32m INFO[0m [2minstrumented_scheduler._bench_step_decode[0m[2m:[0m Benchmark decode: total_kv_reads=8192 batch_size=2
[2m2026-08-18T20:48:20.018980Z[0m [32m INFO[0m [2minstrumented_scheduler._bench_step_decode[0m[2m:[0m Benchmark decode: total_kv_reads=4096 batch_size=2
[2m2026-08-18T20:48:20.089283Z[0m [32m INFO[0m [2minstrumented_scheduler._bench_step_decode[0m[2m:[0m Benchmark decode: total_kv_reads=2048 batch_size=2
[2m2026-08-18T20:48:20.158521Z[0m [32m INFO[0m [2minstrumented_scheduler._bench_step_decode[0m[2m:[0m Benchmark decode: total_kv_reads=1024 batch_size=2
[2m2026-08-18T20:48:20.227221Z[0m [32m INFO[0m [2minstrumented_scheduler._bench_step_decode[0m[2m:[0m Benchmark decode: total_kv_reads=512 batch_size=2
[2m2026-08-18T20:48:20.296466Z[0m [32m INFO[0m [2minstrumented_scheduler._bench_step_decode[0m[2m:[0m Benchmark decode: total_kv_reads=256 batch_size=2
[2m2026-08-18T20:48:20.365766Z[0m [32m INFO[0m [2minstrumented_scheduler._bench_step_decode[0m[2m:[0m Benchmark decode: total_kv_reads=128 batch_size=2
[2m2026-08-18T20:48:20.435167Z[0m [32m INFO[0m [2minstrumented_scheduler._bench_step_decode[0m[2m:[0m Benchmark decode: total_kv_reads=64 batch_size=2
[2m2026-08-18T20:48:20.504344Z[0m [32m INFO[0m [2minstrumented_scheduler._bench_step_decode[0m[2m:[0m Benchmark decode: total_kv_reads=32 batch_size=2
[2m2026-08-18T20:48:20.573107Z[0m [32m INFO[0m [2minstrumented_scheduler._bench_step_decode[0m[2m:[0m Benchmark decode: total_kv_reads=16 batch_size=2
[2m2026-08-18T20:48:20.641811Z[0m [32m INFO[0m [2minstrumented_scheduler._bench_step_decode[0m[2m:[0m Benchmark decode: total_kv_reads=8 batch_size=2
[2m2026-08-18T20:48:20.710743Z[0m [32m INFO[0m [2minstrumented_scheduler._bench_step_decode[0m[2m:[0m Benchmark decode: total_kv_reads=4 batch_size=2
[2m2026-08-18T20:48:20.778964Z[0m [32m INFO[0m [2minstrumented_scheduler._bench_step_decode[0m[2m:[0m Benchmark decode: total_kv_reads=4 batch_size=2
[2m2026-08-18T20:48:21.485559Z[0m [32m INFO[0m [2minstrumented_scheduler._kvwarm_start_stage[0m[2m:[0m KVWARM: stage build batch=1 depth=1048572
[2m2026-08-18T20:50:51.966143Z[0m [32m INFO[0m [2minstrumented_scheduler._kvwarm_monitor_build[0m[2m:[0m KVWARM: stage ready batch=1 (151.1s)
[2m2026-08-18T20:50:54.670517Z[0m [32m INFO[0m [2minstrumented_scheduler._bench_step_decode[0m[2m:[0m Benchmark decode: total_kv_reads=524288 batch_size=1
[2m2026-08-18T20:50:54.819194Z[0m [32m INFO[0m [2minstrumented_scheduler._bench_step_decode[0m[2m:[0m Benchmark decode: total_kv_reads=262144 batch_size=1
[2m2026-08-18T20:50:54.915331Z[0m [32m INFO[0m [2minstrumented_scheduler._bench_step_decode[0m[2m:[0m Benchmark decode: total_kv_reads=131072 batch_size=1
[2m2026-08-18T20:50:54.990676Z[0m [32m INFO[0m [2minstrumented_scheduler._bench_step_decode[0m[2m:[0m Benchmark decode: total_kv_reads=65536 batch_size=1
[2m2026-08-18T20:50:55.056414Z[0m [32m INFO[0m [2minstrumented_scheduler._bench_step_decode[0m[2m:[0m Benchmark decode: total_kv_reads=32768 batch_size=1
[2m2026-08-18T20:50:55.117655Z[0m [32m INFO[0m [2minstrumented_scheduler._bench_step_decode[0m[2m:[0m Benchmark decode: total_kv_reads=16384 batch_size=1
[2m2026-08-18T20:50:55.176087Z[0m [32m INFO[0m [2minstrumented_scheduler._bench_step_decode[0m[2m:[0m Benchmark decode: total_kv_reads=8192 batch_size=1
[2m2026-08-18T20:50:55.232926Z[0m [32m INFO[0m [2minstrumented_scheduler._bench_step_decode[0m[2m:[0m Benchmark decode: total_kv_reads=4096 batch_size=1
[2m2026-08-18T20:50:55.289010Z[0m [32m INFO[0m [2minstrumented_scheduler._bench_step_decode[0m[2m:[0m Benchmark decode: total_kv_reads=2048 batch_size=1
[2m2026-08-18T20:50:55.344189Z[0m [32m INFO[0m [2minstrumented_scheduler._bench_step_decode[0m[2m:[0m Benchmark decode: total_kv_reads=1024 batch_size=1
[2m2026-08-18T20:50:55.399121Z[0m [32m INFO[0m [2minstrumented_scheduler._bench_step_decode[0m[2m:[0m Benchmark decode: total_kv_reads=512 batch_size=1
[2m2026-08-18T20:50:55.453567Z[0m [32m INFO[0m [2minstrumented_scheduler._bench_step_decode[0m[2m:[0m Benchmark decode: total_kv_reads=256 batch_size=1
[2m2026-08-18T20:50:55.508018Z[0m [32m INFO[0m [2minstrumented_scheduler._bench_step_decode[0m[2m:[0m Benchmark decode: total_kv_reads=128 batch_size=1
[2m2026-08-18T20:50:55.562315Z[0m [32m INFO[0m [2minstrumented_scheduler._bench_step_decode[0m[2m:[0m Benchmark decode: total_kv_reads=64 batch_size=1
[2m2026-08-18T20:50:55.616789Z[0m [32m INFO[0m [2minstrumented_scheduler._bench_step_decode[0m[2m:[0m Benchmark decode: total_kv_reads=32 batch_size=1
[2m2026-08-18T20:50:55.671229Z[0m [32m INFO[0m [2minstrumented_scheduler._bench_step_decode[0m[2m:[0m Benchmark decode: total_kv_reads=16 batch_size=1
[2m2026-08-18T20:50:55.725499Z[0m [32m INFO[0m [2minstrumented_scheduler._bench_step_decode[0m[2m:[0m Benchmark decode: total_kv_reads=8 batch_size=1
[2m2026-08-18T20:50:55.779840Z[0m [32m INFO[0m [2minstrumented_scheduler._bench_step_decode[0m[2m:[0m Benchmark decode: total_kv_reads=4 batch_size=1
[2m2026-08-18T20:50:55.834314Z[0m [32m INFO[0m [2minstrumented_scheduler._bench_step_decode[0m[2m:[0m Benchmark decode: total_kv_reads=2 batch_size=1
[2m2026-08-18T20:50:55.888764Z[0m [32m INFO[0m [2minstrumented_scheduler._bench_step_decode[0m[2m:[0m Benchmark decode: total_kv_reads=2 batch_size=1
[2m2026-08-18T20:50:55.957807Z[0m [32m INFO[0m [2minstrumented_scheduler._bench_step_decode[0m[2m:[0m Benchmark decode: total_kv_reads=1310572 batch_size=1024
[2m2026-08-18T20:50:57.977019Z[0m [32m INFO[0m [2minstrumented_scheduler._bench_step_decode[0m[2m:[0m Benchmark decode: total_kv_reads=1345922 batch_size=513
[2m2026-08-18T20:50:58.700616Z[0m [32m INFO[0m [2minstrumented_scheduler._bench_step_decode[0m[2m:[0m Benchmark decode: total_kv_reads=1343340 batch_size=512
[2m2026-08-18T20:50:59.184561Z[0m [32m INFO[0m [2minstrumented_scheduler._bench_step_decode[0m[2m:[0m Benchmark decode: total_kv_reads=1335921 batch_size=497
[2m2026-08-18T20:50:59.671170Z[0m [32m INFO[0m [2minstrumented_scheduler._bench_step_decode[0m[2m:[0m Benchmark decode: total_kv_reads=1364524 batch_size=496
[2m2026-08-18T20:51:00.165395Z[0m [32m INFO[0m [2minstrumented_scheduler._bench_step_decode[0m[2m:[0m Benchmark decode: total_kv_reads=1354207 batch_size=481
[2m2026-08-18T20:51:00.655800Z[0m [32m INFO[0m [2minstrumented_scheduler._bench_step_decode[0m[2m:[0m Benchmark decode: total_kv_reads=1351436 batch_size=480
[2m2026-08-18T20:51:01.944272Z[0m [32m INFO[0m [2minstrumented_scheduler._bench_step_decode[0m[2m:[0m Benchmark decode: total_kv_reads=1339166 batch_size=465
[2m2026-08-18T20:51:02.423209Z[0m [32m INFO[0m [2minstrumented_scheduler._bench_step_decode[0m[2m:[0m Benchmark decode: total_kv_reads=1365564 batch_size=464
[2m2026-08-18T20:51:02.908950Z[0m [32m INFO[0m [2minstrumented_scheduler._bench_step_decode[0m[2m:[0m Benchmark decode: total_kv_reads=1350396 batch_size=449
[2m2026-08-18T20:51:03.386147Z[0m [32m INFO[0m [2minstrumented_scheduler._bench_step_decode[0m[2m:[0m Benchmark decode: total_kv_reads=1347436 batch_size=448
[2m2026-08-18T20:51:03.864418Z[0m [32m INFO[0m [2minstrumented_scheduler._bench_step_decode[0m[2m:[0m Benchmark decode: total_kv_reads=1357594 batch_size=433
[2m2026-08-18T20:51:04.345576Z[0m [32m INFO[0m [2minstrumented_scheduler._bench_step_decode[0m[2m:[0m Benchmark decode: total_kv_reads=1354508 batch_size=432
[2m2026-08-18T20:51:04.834894Z[0m [32m INFO[0m [2minstrumented_scheduler._bench_step_decode[0m[2m:[0m Benchmark decode: total_kv_reads=1360760 batch_size=417
[2m2026-08-18T20:51:06.121332Z[0m [32m INFO[0m [2minstrumented_scheduler._bench_step_decode[0m[2m:[0m Benchmark decode: total_kv_reads=1357548 batch_size=416
[2m2026-08-18T20:51:06.595161Z[0m [32m INFO[0m [2minstrumented_scheduler._bench_step_decode[0m[2m:[0m Benchmark decode: total_kv_reads=1359894 batch_size=401
[2m2026-08-18T20:51:07.069722Z[0m [32m INFO[0m [2minstrumented_scheduler._bench_step_decode[0m[2m:[0m Benchmark decode: total_kv_reads=1356556 batch_size=400
[2m2026-08-18T20:51:07.546532Z[0m [32m INFO[0m [2minstrumented_scheduler._bench_step_decode[0m[2m:[0m Benchmark decode: total_kv_reads=1354996 batch_size=385
[2m2026-08-18T20:51:08.015088Z[0m [32m INFO[0m [2minstrumented_scheduler._bench_step_decode[0m[2m:[0m Benchmark decode: total_kv_reads=1351532 batch_size=384
[2m2026-08-18T20:51:08.486331Z[0m [32m INFO[0m [2minstrumented_scheduler._bench_step_decode[0m[2m:[0m Benchmark decode: total_kv_reads=1346066 batch_size=369
[2m2026-08-18T20:51:08.950069Z[0m [32m INFO[0m [2minstrumented_scheduler._bench_step_decode[0m[2m:[0m Benchmark decode: total_kv_reads=1365660 batch_size=368
[2m2026-08-18T20:51:09.403204Z[0m [32m INFO[0m [2minstrumented_scheduler._bench_step_decode[0m[2m:[0m Benchmark decode: total_kv_reads=1355343 batch_size=353
[2m2026-08-18T20:51:09.872742Z[0m [32m INFO[0m [2minstrumented_scheduler._bench_step_decode[0m[2m:[0m Benchmark decode: total_kv_reads=1351564 batch_size=352
[2m2026-08-18T20:51:10.337158Z[0m [32m INFO[0m [2minstrumented_scheduler._bench_step_decode[0m[2m:[0m Benchmark decode: total_kv_reads=1358572 batch_size=337
[2m2026-08-18T20:51:11.614937Z[0m [32m INFO[0m [2minstrumented_scheduler._bench_step_decode[0m[2m:[0m Benchmark decode: total_kv_reads=1354604 batch_size=336
[2m2026-08-18T20:51:12.070070Z[0m [32m INFO[0m [2minstrumented_scheduler._bench_step_decode[0m[2m:[0m Benchmark decode: total_kv_reads=1355753 batch_size=321
[2m2026-08-18T20:51:12.519813Z[0m [32m INFO[0m [2minstrumented_scheduler._bench_step_decode[0m[2m:[0m Benchmark decode: total_kv_reads=1351596 batch_size=320
[2m2026-08-18T20:51:12.980105Z[0m [32m INFO[0m [2minstrumented_scheduler._bench_step_decode[0m[2m:[0m Benchmark decode: total_kv_reads=1366101 batch_size=305
[2m2026-08-18T20:51:13.422957Z[0m [32m INFO[0m [2minstrumented_scheduler._bench_step_decode[0m[2m:[0m Benchmark decode: total_kv_reads=1361692 batch_size=304
[2m2026-08-18T20:51:13.887784Z[0m [32m INFO[0m [2minstrumented_scheduler._bench_step_decode[0m[2m:[0m Benchmark decode: total_kv_reads=1350178 batch_size=289
[2m2026-08-18T20:51:14.335461Z[0m [32m INFO[0m [2minstrumented_scheduler._bench_step_decode[0m[2m:[0m Benchmark decode: total_kv_reads=1363724 batch_size=288
[2m2026-08-18T20:51:14.796036Z[0m [32m INFO[0m [2minstrumented_scheduler._bench_step_decode[0m[2m:[0m Benchmark decode: total_kv_reads=1362605 batch_size=273
[2m2026-08-18T20:51:15.233284Z[0m [32m INFO[0m [2minstrumented_scheduler._bench_step_decode[0m[2m:[0m Benchmark decode: total_kv_reads=1357692 batch_size=272
[2m2026-08-18T20:51:15.673026Z[0m [32m INFO[0m [2minstrumented_scheduler._bench_step_decode[0m[2m:[0m Benchmark decode: total_kv_reads=1364952 batch_size=257
[2m2026-08-18T20:51:16.120331Z[0m [32m INFO[0m [2minstrumented_scheduler._bench_step_decode[0m[2m:[0m Benchmark decode: total_kv_reads=1359724 batch_size=256
[2m2026-08-18T20:51:16.572025Z[0m [32m INFO[0m [2minstrumented_scheduler._bench_step_decode[0m[2m:[0m Benchmark decode: total_kv_reads=1354502 batch_size=249
[2m2026-08-18T20:51:17.019895Z[0m [32m INFO[0m [2minstrumented_scheduler._bench_step_decode[0m[2m:[0m Benchmark decode: total_kv_reads=1364772 batch_size=248
[2m2026-08-18T20:51:17.455456Z[0m [32m INFO[0m [2minstrumented_scheduler._bench_step_decode[0m[2m:[0m Benchmark decode: total_kv_reads=1357219 batch_size=241
[2m2026-08-18T20:51:18.770031Z[0m [32m INFO[0m [2minstrumented_scheduler._bench_step_decode[0m[2m:[0m Benchmark decode: total_kv_reads=1351676 batch_size=240
[2m2026-08-18T20:51:19.199630Z[0m [32m INFO[0m [2minstrumented_scheduler._bench_step_decode[0m[2m:[0m Benchmark decode: total_kv_reads=1356912 batch_size=233
[2m2026-08-18T20:51:19.636184Z[0m [32m INFO[0m [2minstrumented_scheduler._bench_step_decode[0m[2m:[0m Benchmark decode: total_kv_reads=1365796 batch_size=232
[2m2026-08-18T20:51:20.071945Z[0m [32m INFO[0m [2minstrumented_scheduler._bench_step_decode[0m[2m:[0m Benchmark decode: total_kv_reads=1353581 batch_size=225
[2m2026-08-18T20:51:20.522080Z[0m [32m INFO[0m [2minstrumented_scheduler._bench_step_decode[0m[2m:[0m Benchmark decode: total_kv_reads=1361772 batch_size=224
[2m2026-08-18T20:51:20.959837Z[0m [32m INFO[0m [2minstrumented_scheduler._bench_step_decode[0m[2m:[0m Benchmark decode: total_kv_reads=1360897 batch_size=217
[2m2026-08-18T20:51:21.393698Z[0m [32m INFO[0m [2minstrumented_scheduler._bench_step_decode[0m[2m:[0m Benchmark decode: total_kv_reads=1354724 batch_size=216
[2m2026-08-18T20:51:21.839196Z[0m [32m INFO[0m [2minstrumented_scheduler._bench_step_decode[0m[2m:[0m Benchmark decode: total_kv_reads=1364181 batch_size=209
[2m2026-08-18T20:51:22.274937Z[0m [32m INFO[0m [2minstrumented_scheduler._bench_step_decode[0m[2m:[0m Benchmark decode: total_kv_reads=1357756 batch_size=208
[2m2026-08-18T20:51:22.711019Z[0m [32m INFO[0m [2minstrumented_scheduler._bench_step_decode[0m[2m:[0m Benchmark decode: total_kv_reads=1363433 batch_size=201
[2m2026-08-18T20:51:23.171044Z[0m [32m INFO[0m [2minstrumented_scheduler._bench_step_decode[0m[2m:[0m Benchmark decode: total_kv_reads=1356756 batch_size=200
[2m2026-08-18T20:51:23.604368Z[0m [32m INFO[0m [2minstrumented_scheduler._bench_step_decode[0m[2m:[0m Benchmark decode: total_kv_reads=1358653 batch_size=193
[2m2026-08-18T20:51:24.056910Z[0m [32m INFO[0m [2minstrumented_scheduler._bench_step_decode[0m[2m:[0m Benchmark decode: total_kv_reads=1363820 batch_size=192
[2m2026-08-18T20:51:24.515349Z[0m [32m INFO[0m [2minstrumented_scheduler._bench_step_decode[0m[2m:[0m Benchmark decode: total_kv_reads=1361496 batch_size=185
[2m2026-08-18T20:51:24.961825Z[0m [32m INFO[0m [2minstrumented_scheduler._bench_step_decode[0m[2m:[0m Benchmark decode: total_kv_reads=1365844 batch_size=184
[2m2026-08-18T20:51:25.416548Z[0m [32m INFO[0m [2minstrumented_scheduler._bench_step_decode[0m[2m:[0m Benchmark decode: total_kv_reads=1359299 batch_size=177
[2m2026-08-18T20:51:25.845272Z[0m [32m INFO[0m [2minstrumented_scheduler._bench_step_decode[0m[2m:[0m Benchmark decode: total_kv_reads=1362828 batch_size=176
[2m2026-08-18T20:51:26.281913Z[0m [32m INFO[0m [2minstrumented_scheduler._bench_step_decode[0m[2m:[0m Benchmark decode: total_kv_reads=1362709 batch_size=169
[2m2026-08-18T20:51:26.710604Z[0m [32m INFO[0m [2minstrumented_scheduler._bench_step_decode[0m[2m:[0m Benchmark decode: total_kv_reads=1365356 batch_size=168
[2m2026-08-18T20:51:27.139402Z[0m [32m INFO[0m [2minstrumented_scheduler._bench_step_decode[0m[2m:[0m Benchmark decode: total_kv_reads=1360071 batch_size=161
[2m2026-08-18T20:51:27.582152Z[0m [32m INFO[0m [2minstrumented_scheduler._bench_step_decode[0m[2m:[0m Benchmark decode: total_kv_reads=1361836 batch_size=160
[2m2026-08-18T20:51:28.007174Z[0m [32m INFO[0m [2minstrumented_scheduler._bench_step_decode[0m[2m:[0m Benchmark decode: total_kv_reads=1361024 batch_size=153
[2m2026-08-18T20:51:28.433009Z[0m [32m INFO[0m [2minstrumented_scheduler._bench_step_decode[0m[2m:[0m Benchmark decode: total_kv_reads=1361844 batch_size=152
[2m2026-08-18T20:51:28.852352Z[0m [32m INFO[0m [2minstrumented_scheduler._bench_step_decode[0m[2m:[0m Benchmark decode: total_kv_reads=1364056 batch_size=145
[2m2026-08-18T20:51:29.255626Z[0m [32m INFO[0m [2minstrumented_scheduler._bench_step_decode[0m[2m:[0m Benchmark decode: total_kv_reads=1363868 batch_size=144
[2m2026-08-18T20:51:29.654292Z[0m [32m INFO[0m [2minstrumented_scheduler._bench_step_decode[0m[2m:[0m Benchmark decode: total_kv_reads=1359024 batch_size=137
[2m2026-08-18T20:51:30.065636Z[0m [32m INFO[0m [2minstrumented_scheduler._bench_step_decode[0m[2m:[0m Benchmark decode: total_kv_reads=1366396 batch_size=136
[2m2026-08-18T20:51:30.478857Z[0m [32m INFO[0m [2minstrumented_scheduler._bench_step_decode[0m[2m:[0m Benchmark decode: total_kv_reads=1362182 batch_size=129
[2m2026-08-18T20:51:30.888811Z[0m [32m INFO[0m [2minstrumented_scheduler._bench_step_decode[0m[2m:[0m Benchmark decode: total_kv_reads=1359852 batch_size=128
[2m2026-08-18T20:51:31.295570Z[0m [32m INFO[0m [2minstrumented_scheduler._bench_step_decode[0m[2m:[0m Benchmark decode: total_kv_reads=1362883 batch_size=121
[2m2026-08-18T20:51:31.709874Z[0m [32m INFO[0m [2minstrumented_scheduler._bench_step_decode[0m[2m:[0m Benchmark decode: total_kv_reads=1359356 batch_size=120
[2m2026-08-18T20:51:32.119420Z[0m [32m INFO[0m [2minstrumented_scheduler._bench_step_decode[0m[2m:[0m Benchmark decode: total_kv_reads=1359615 batch_size=113
[2m2026-08-18T20:51:32.529551Z[0m [32m INFO[0m [2minstrumented_scheduler._bench_step_decode[0m[2m:[0m Benchmark decode: total_kv_reads=1361884 batch_size=112
[2m2026-08-18T20:51:33.873827Z[0m [32m INFO[0m [2minstrumented_scheduler._bench_step_decode[0m[2m:[0m Benchmark decode: total_kv_reads=1364096 batch_size=105
[2m2026-08-18T20:51:34.280618Z[0m [32m INFO[0m [2minstrumented_scheduler._bench_step_decode[0m[2m:[0m Benchmark decode: total_kv_reads=1364412 batch_size=104
[2m2026-08-18T20:51:34.686747Z[0m [32m INFO[0m [2minstrumented_scheduler._bench_step_decode[0m[2m:[0m Benchmark decode: total_kv_reads=1365679 batch_size=97
[2m2026-08-18T20:51:35.090311Z[0m [32m INFO[0m [2minstrumented_scheduler._bench_step_decode[0m[2m:[0m Benchmark decode: total_kv_reads=1363916 batch_size=96
[2m2026-08-18T20:51:35.488417Z[0m [32m INFO[0m [2minstrumented_scheduler._bench_step_decode[0m[2m:[0m Benchmark decode: total_kv_reads=1361340 batch_size=89
[2m2026-08-18T20:51:35.887118Z[0m [32m INFO[0m [2minstrumented_scheduler._bench_step_decode[0m[2m:[0m Benchmark decode: total_kv_reads=1362916 batch_size=88
[2m2026-08-18T20:51:36.279071Z[0m [32m INFO[0m [2minstrumented_scheduler._bench_step_decode[0m[2m:[0m Benchmark decode: total_kv_reads=1363364 batch_size=81
[2m2026-08-18T20:51:36.672356Z[0m [32m INFO[0m [2minstrumented_scheduler._bench_step_decode[0m[2m:[0m Benchmark decode: total_kv_reads=1361916 batch_size=80
[2m2026-08-18T20:51:37.056878Z[0m [32m INFO[0m [2minstrumented_scheduler._bench_step_decode[0m[2m:[0m Benchmark decode: total_kv_reads=1364191 batch_size=73
[2m2026-08-18T20:51:37.452195Z[0m [32m INFO[0m [2minstrumented_scheduler._bench_step_decode[0m[2m:[0m Benchmark decode: total_kv_reads=1363940 batch_size=72
[2m2026-08-18T20:51:37.835827Z[0m [32m INFO[0m [2minstrumented_scheduler._bench_step_decode[0m[2m:[0m Benchmark decode: total_kv_reads=1364451 batch_size=65
[2m2026-08-18T20:51:38.225192Z[0m [32m INFO[0m [2minstrumented_scheduler._bench_step_decode[0m[2m:[0m Benchmark decode: total_kv_reads=1363948 batch_size=64
[2m2026-08-18T20:51:38.613179Z[0m [32m INFO[0m [2minstrumented_scheduler._bench_step_decode[0m[2m:[0m Benchmark decode: total_kv_reads=1364333 batch_size=57
[2m2026-08-18T20:51:38.998761Z[0m [32m INFO[0m [2minstrumented_scheduler._bench_step_decode[0m[2m:[0m Benchmark decode: total_kv_reads=1365468 batch_size=56
[2m2026-08-18T20:51:39.384480Z[0m [32m INFO[0m [2minstrumented_scheduler._bench_step_decode[0m[2m:[0m Benchmark decode: total_kv_reads=1364152 batch_size=49
[2m2026-08-18T20:51:39.752035Z[0m [32m INFO[0m [2minstrumented_scheduler._bench_step_decode[0m[2m:[0m Benchmark decode: total_kv_reads=1363964 batch_size=48
[2m2026-08-18T20:51:40.106954Z[0m [32m INFO[0m [2minstrumented_scheduler._bench_step_decode[0m[2m:[0m Benchmark decode: total_kv_reads=1364475 batch_size=41
[2m2026-08-18T20:51:40.466786Z[0m [32m INFO[0m [2minstrumented_scheduler._bench_step_decode[0m[2m:[0m Benchmark decode: total_kv_reads=1364476 batch_size=40
[2m2026-08-18T20:51:40.818381Z[0m [32m INFO[0m [2minstrumented_scheduler._bench_step_decode[0m[2m:[0m Benchmark decode: total_kv_reads=1366436 batch_size=33
[2m2026-08-18T20:51:41.160666Z[0m [32m INFO[0m [2minstrumented_scheduler._bench_step_decode[0m[2m:[0m Benchmark decode: total_kv_reads=1365996 batch_size=32
[2m2026-08-18T20:51:41.498806Z[0m [32m INFO[0m [2minstrumented_scheduler._bench_step_decode[0m[2m:[0m Benchmark decode: total_kv_reads=1366381 batch_size=25
[2m2026-08-18T20:51:41.840451Z[0m [32m INFO[0m [2minstrumented_scheduler._bench_step_decode[0m[2m:[0m Benchmark decode: total_kv_reads=1365500 batch_size=24
[2m2026-08-18T20:51:42.178658Z[0m [32m INFO[0m [2minstrumented_scheduler._bench_step_decode[0m[2m:[0m Benchmark decode: total_kv_reads=1366515 batch_size=17
[2m2026-08-18T20:51:42.515649Z[0m [32m INFO[0m [2minstrumented_scheduler._bench_step_decode[0m[2m:[0m Benchmark decode: total_kv_reads=1366012 batch_size=16
[2m2026-08-18T20:51:42.853380Z[0m [32m INFO[0m [2minstrumented_scheduler._bench_step_decode[0m[2m:[0m Benchmark decode: total_kv_reads=1366271 batch_size=9
[2m2026-08-18T20:51:43.196526Z[0m [32m INFO[0m [2minstrumented_scheduler._bench_step_decode[0m[2m:[0m Benchmark decode: total_kv_reads=1366524 batch_size=8
[2m2026-08-18T20:51:43.530038Z[0m [32m INFO[0m [2minstrumented_scheduler._bench_step_decode[0m[2m:[0m Benchmark decode: total_kv_reads=1366716 batch_size=5
[2m2026-08-18T20:51:43.860013Z[0m [32m INFO[0m [2minstrumented_scheduler._bench_step_decode[0m[2m:[0m Benchmark decode: total_kv_reads=1366780 batch_size=4
[2m2026-08-18T20:51:44.188571Z[0m [32m INFO[0m [2minstrumented_scheduler._bench_step_decode[0m[2m:[0m Benchmark decode: total_kv_reads=1366655 batch_size=3
[2m2026-08-18T20:51:44.512004Z[0m [32m INFO[0m [2minstrumented_scheduler._bench_step_decode[0m[2m:[0m Benchmark decode: total_kv_reads=1366782 batch_size=2
[2m2026-08-18T20:51:44.836460Z[0m [32m INFO[0m [2minstrumented_scheduler._bench_step_decode[0m[2m:[0m Benchmark decode: total_kv_reads=1048574 batch_size=1
(EngineCore pid=1783) [2m2026-08-18T20:51:45.081228Z[0m [32m INFO[0m [2mblock_pool.reset_prefix_cache[0m[2m:[0m Successfully reset prefix cache
[2m2026-08-18T20:51:45.081412Z[0m [32m INFO[0m [2minstrumented_scheduler._bench_clear_prefix_cache[0m[2m:[0m Benchmark synthetic prefix cache cleared
[2m2026-08-18T20:51:45.185084Z[0m [32m INFO[0m [2minstrumented_scheduler._bench_write_results[0m[2m:[0m Benchmark results written to /results/benchmark.json (1571 points)
[2m2026-08-18T20:51:45.185318Z[0m [32m INFO[0m [2minstrumented_scheduler._bench_step[0m[2m:[0m Benchmark complete
[2m2026-08-18T20:51:45.708090Z[0m [32m INFO[0m [2mworker_factory._wait_and_load_benchmark[0m[2m:[0m Benchmark complete, 1571 rank-points across 1 rank(s); merged results: /results/benchmark_merged.json
[2m2026-08-18T20:51:45.709107Z[0m [32m INFO[0m [2mmain.register_vllm_model[0m[2m:[0m Getting engine runtime configuration metadata from vLLM engine for chat,completions...
[2m2026-08-18T20:51:45.709148Z[0m [33m WARN[0m [2mhandlers.get_dp_range_for_worker[0m[2m:[0m vLLM selects internal DP load balancing. If you are launching multiple workers for DP deployment, hybrid or external load balancing is recommended.
[2m2026-08-18T20:51:45.740718Z[0m [32m INFO[0m [2m_core[0m[2m:[0m Registered base model 'zai-org/GLM-5.2-FP8' MDC
[2m2026-08-18T20:51:45.741759Z[0m [32m INFO[0m [2mdynamo_runtime::pipeline::network::manager[0m[2m:[0m Creating TCP request plane server [3mbind_addr[0m[2m=[0m10.0.18.153:0 [3mport_source[0m[2m=[0m"OS-assigned"
[2m2026-08-18T20:51:45.741778Z[0m [32m INFO[0m [2mdynamo_runtime::pipeline::network::ingress::shared_tcp_endpoint[0m[2m:[0m Initializing TCP server with dispatcher (concurrency=10000, queue=40000)
[2m2026-08-18T20:51:45.741783Z[0m [32m INFO[0m [2mdynamo_runtime::pipeline::network::ingress::shared_tcp_endpoint[0m[2m:[0m Started TCP worker dispatcher with concurrency limit 10000
[2m2026-08-18T20:51:45.741789Z[0m [32m INFO[0m [2mdynamo_runtime::pipeline::network::ingress::shared_tcp_endpoint[0m[2m:[0m Binding TCP server to 10.0.18.153:0
[2m2026-08-18T20:51:45.741819Z[0m [32m INFO[0m [2mdynamo_runtime::pipeline::network::ingress::shared_tcp_endpoint[0m[2m:[0m TCP server bound successfully [3mrequested[0m[2m=[0m10.0.18.153:0 [3mactual[0m[2m=[0m10.0.18.153:34025
[2m2026-08-18T20:51:45.741830Z[0m [32m INFO[0m [2mdynamo_runtime::pipeline::network::manager[0m[2m:[0m TCP request plane server started [3mactual_addr[0m[2m=[0m10.0.18.153:34025 [3mactual_port[0m[2m=[0m34025
[2m2026-08-18T20:51:45.741843Z[0m [32m INFO[0m [2mdynamo_runtime::pipeline::network::ingress::shared_tcp_endpoint[0m[2m:[0m Registered endpoint 'dynamo.backend.clear_kv_blocks' with shared TCP server on 10.0.18.153:34025
[2m2026-08-18T20:51:45.741851Z[0m [32m INFO[0m [2mdynamo_runtime::pipeline::network::ingress::shared_tcp_endpoint[0m[2m:[0m Registered endpoint 'dynamo.backend.get_perf_metrics' with shared TCP server on 10.0.18.153:34025
[2m2026-08-18T20:51:45.742261Z[0m [32m INFO[0m [2mdynamo_runtime::pipeline::network::ingress::shared_tcp_endpoint[0m[2m:[0m Registered endpoint 'dynamo.backend.generate' with shared TCP server on 10.0.18.153:34025
[2m2026-08-18T20:51:46.600775Z[0m [32m INFO[0m [2mgraceful_shutdown.graceful_shutdown_with_discovery[0m[2m:[0m Received shutdown signal; unregistering endpoints from discovery
(EngineCore pid=1783) [2m2026-08-18T20:51:46.600673Z[0m [32m INFO[0m [2mcore.signal_handler[0m[2m:[0m [shutdown] EngineCore: trigger received signal=SIGTERM
(EngineCore pid=1783) [2m2026-08-18T20:51:46.601194Z[0m [32m INFO[0m [2mcore._handle_shutdown[0m[2m:[0m [shutdown] EngineCore: start mode=abort timeout=0s
(EngineCore pid=1783) [2m2026-08-18T20:51:46.601299Z[0m [32m INFO[0m [2mcore._handle_shutdown[0m[2m:[0m [shutdown] EngineCore: request processing complete; starting resource teardown
(EngineCore pid=1783) [2m2026-08-18T20:51:46.601410Z[0m [32m INFO[0m [2mcore.run_engine_core[0m[2m:[0m [shutdown] EngineCore: exiting busy loop
(EngineCore pid=1783) [2m2026-08-18T20:51:46.601652Z[0m [32m INFO[0m [2mmultiproc_executor._ensure_worker_termination[0m[2m:[0m [shutdown] Executor: waiting for worker exit count=8
[2m2026-08-18T20:51:46.602982Z[0m [32m INFO[0m [2mdynamo_runtime::component::endpoint[0m[2m:[0m Successfully unregistered endpoint instance from discovery - worker removed from routing pool [3minstance_id[0m[2m=[0m7587896964992498947
[2m2026-08-18T20:51:46.602992Z[0m [32m INFO[0m [2mdynamo_runtime::component::endpoint[0m[2m:[0m Successfully unregistered endpoint instance from discovery - worker removed from routing pool [3minstance_id[0m[2m=[0m7587896964992498947
[2m2026-08-18T20:51:46.603043Z[0m [32m INFO[0m [2mdynamo_runtime::component::endpoint[0m[2m:[0m Successfully unregistered endpoint instance from discovery - worker removed from routing pool [3minstance_id[0m[2m=[0m7587896964992498947
[2m2026-08-18T20:51:46.603451Z[0m [32m INFO[0m [2mgraceful_shutdown.graceful_shutdown_with_discovery[0m[2m:[0m Grace period 5.00s before stopping endpoints
[2m2026-08-18T20:51:51.603782Z[0m [32m INFO[0m [2mgraceful_shutdown.graceful_shutdown_with_discovery[0m[2m:[0m Initiating runtime shutdown
[2m2026-08-18T20:51:51.603828Z[0m [32m INFO[0m [2mdynamo_runtime::runtime[0m[2m:[0m Runtime shutdown initiated
[2m2026-08-18T20:51:51.603913Z[0m [32m INFO[0m [2mengine_monitor._check_engine_health[0m[2m:[0m VllmEngineMonitor: Shutdown event detected, stopping engine health monitoring.
[2m2026-08-18T20:51:51.604067Z[0m [32m INFO[0m [2mdynamo_runtime::runtime[0m[2m:[0m Phase 1: Cancelling endpoint shutdown token
[2m2026-08-18T20:51:51.604104Z[0m [32m INFO[0m [2mdynamo_runtime::runtime[0m[2m:[0m Phase 2: Waiting for graceful endpoints to complete
[2m2026-08-18T20:51:51.604107Z[0m [32m INFO[0m [2mdynamo_runtime::runtime[0m[2m:[0m Active graceful endpoints: 3
[2m2026-08-18T20:51:51.604263Z[0m [32m INFO[0m [2mdynamo_runtime::pipeline::network::ingress::shared_tcp_endpoint[0m[2m:[0m Unregistered TCP endpoint handler [3mendpoint_name[0m[2m=[0mgenerate [3mendpoint_path[0m[2m=[0m694da01656a47d03/generate
[2m2026-08-18T20:51:51.604276Z[0m [32m INFO[0m [2mdynamo_runtime::pipeline::network::ingress::shared_tcp_endpoint[0m[2m:[0m Unregistered TCP endpoint handler [3mendpoint_name[0m[2m=[0mget_perf_metrics [3mendpoint_path[0m[2m=[0m694da01656a47d03/get_perf_metrics
[2m2026-08-18T20:51:51.604422Z[0m [32m INFO[0m [2mdynamo_runtime::pipeline::network::ingress::shared_tcp_endpoint[0m[2m:[0m Unregistered TCP endpoint handler [3mendpoint_name[0m[2m=[0mclear_kv_blocks [3mendpoint_path[0m[2m=[0m694da01656a47d03/clear_kv_blocks
[2m2026-08-18T20:51:51.604441Z[0m [32m INFO[0m [2mdynamo_runtime::utils::graceful_shutdown[0m[2m:[0m Last endpoint completed, notifying all waiters
[2m2026-08-18T20:51:51.604567Z[0m [32m INFO[0m [2mdynamo_runtime::runtime[0m[2m:[0m Phase 3: Connections to backend services will now be disconnected
(EngineCore pid=1783) [2m2026-08-18T20:51:51.608130Z[0m [33mWARNING[0m [2mmultiproc_executor._ensure_worker_termination[0m[2m:[0m [shutdown] Executor: workers still running after grace period; sending SIGTERM count=8
[2m2026-08-18T20:51:51.623346Z[0m [33mWARNING[0m [2mcore_client.monitor_engine_cores[0m[2m:[0m [shutdown] MPClient: engine core exited unexpectedly; starting cleanup
[2m2026-08-18T20:51:51.623457Z[0m [32m INFO[0m [2mcore_client.shutdown[0m[2m:[0m [shutdown] MPClient: start timeout=default
[2m2026-08-18T20:51:51.623509Z[0m [32m INFO[0m [2mcore_client.shutdown[0m[2m:[0m [shutdown] MPClient: stopping engine manager
[2m2026-08-18T20:51:51.623541Z[0m [32m INFO[0m [2mcore_client.shutdown[0m[2m:[0m [shutdown] MPClient: engine manager stopped
[2m2026-08-18T20:51:51.623564Z[0m [32m INFO[0m [2mcore_client.shutdown[0m[2m:[0m [shutdown] MPClient: cleaning up background resources
[2m2026-08-18T20:51:51.623624Z[0m [32m INFO[0m [2mcore_client.shutdown[0m[2m:[0m [shutdown] MPClient: complete
